pc_speed,pc_steering,pc_brake,anomaly_label,iso_score,lof_score
57.450712295168486,13.99355436586002,0.1770236095385294,Normal,0.0405965344665159,-1.2188184102985815
47.92603548243223,9.246336829127689,0.0414669752128248,Normal,0.06170055495690341,-1.2965845559716151
59.71532807151039,0.5963036992017413,0.2761974130074415,Normal,0.06397078582995708,-1.1867425945302954
72.84544784612038,-6.469367777055739,0.094253560316938,Normal,0.0905138865044009,-1.091966701539561
46.48769937914996,6.982233136135899,0.4118445340829866,Normal,0.15674407989318012,-1.000532318383597
46.487945645762295,3.934853854217496,0.5157009792685964,Normal,0.13054280738880203,-0.9877349501522412
61.51152093729363,6.351718016819695,0.2717021731900056,Normal,0.12709891712783328,-1.004648602637052
42.95788421097572,10.49552715319335,0.1611555559536509,Normal,0.1466262539656341,-0.9975477396486925
58.13840065378947,-5.35235211560568,0.3019616530585536,Normal,0.13859641451435972,-1.0227887076582782
43.04873460781307,13.173940656343255,0.2474761658633007,Normal,0.13764624177613144,-1.0350162273416157
43.01405369644615,1.9759960469239968,0.2773672197869529,Normal,0.13649749609361067,-1.048153746236177
53.62943407349052,20.752608726252653,0.4722249959604593,Normal,0.03175530329075049,-1.1279988185736847
21.300796330133032,-6.891878180895679,0.2190395136759253,Normal,0.06887425713563394,-1.022137703694909
24.126232512304508,17.359638031652494,0.2513040412624526,Normal,0.022228643017334737,-1.1339456705466833
41.56568706138541,1.9791078346264777,0.1344989142255937,Normal,0.1463219323113233,-0.989080569017062
34.80753319498364,-6.514180036144484,0.2575375190463321,Normal,0.15587237925026537,-1.0072646147296325
54.71370998892911,-4.838858340543216,0.5758311543371692,Normal,0.041445072915532455,-0.9897751968021685
36.37963886718184,-3.203473081943202,0.1747889880746776,Normal,0.16116730191264117,-0.9804322508912208
28.815444479970623,4.241659464019164,0.4404393990716352,Normal,0.08547673744196926,-1.05293410874293
71.98473153382331,5.228354880354996,0.239968723155057,Normal,0.11891327900911436,-0.9759590821575707
46.61335549270196,-5.73700003938579,0.4457504855829945,Normal,0.1577052787270244,-0.9848413176641964
28.628777206798148,21.42270358611864,0.1247787246488094,Normal,0.009835056713285328,-1.1168755306330642
41.834259132122256,17.275431701007115,0.4135696874278296,Normal,0.08253564073185432,-1.014796325778438
32.73509633866546,0.3800347816820029,0.102384952851844,Anomaly,0.04650211868616683,-1.3975047471373518
55.63547027518508,1.200313267182613,0.2285050887405005,Normal,0.08719847387773072,-1.2051413353242528
40.99041965121793,6.135179727304166,0.5466614162505907,Normal,0.03262547414432748,-1.1321927742590139
45.62459375310085,-10.227925651984055,0.3510850322437097,Normal,0.12657885977165362,-1.139313022118873
40.97440081655905,-2.573765374233451,0.1394105760462668,Normal,0.15545240728725823,-0.9840885028060995
77.78417276763406,-16.685840738775894,0.0536995154899485,Normal,0.005482478828456094,-1.165623492656392
49.79754162893099,3.992231226052793,0.3806987361056626,Normal,0.15687947434542238,-0.9900382544790384
62.33817368154784,-4.83186462299374,0.3066911814390244,Normal,0.08618720429293358,-1.1695633156280374
31.687345250434667,15.739867632900328,0.3430330836467324,Normal,0.052453588557484276,-1.2073793299454343
53.13295392507133,-12.257656630023412,0.476114544370721,Normal,0.08715738156090397,-1.1489420429250292
20.60494814180337,-14.643748802098202,0.2554704259647891,Normal,-0.010245110959913872,-1.1578089987396303
30.077209266523543,2.2445181855997203,0.5012006017832084,Normal,0.11353179833524141,-1.0651284863556445
52.952918538036855,10.470983026121544,0.154006662960799,Normal,0.15952622924802268,-0.9864222753611701
61.07699869993115,16.839276914578686,0.0632323404051646,Normal,0.05357966006220538,-1.082761271918822
52.57052421784956,-4.588842628689401,0.4483454588827538,Normal,0.13954641330819134,-0.9924682584673867
48.2652757641764,10.786808334312957,0.1099758633977806,Normal,0.14591568521271958,-1.0203754287747226
45.48344456616067,-0.3850846950070721,0.2998031027074426,Normal,0.08768790865491849,-1.026178340052249
27.822170144488588,-1.7262729994081962,0.5363077304756033,Normal,0.0015295794880954006,-1.1442269740407487
39.20233687407937,8.836599374866724,0.0670542699936395,Normal,0.14736119328646757,-1.0220952721527574
43.09041843560319,6.523228784134196,0.3373425781481131,Normal,0.16129393412158027,-0.9878143985099168
65.85683339328374,-15.763921569842497,0.0616375155621336,Normal,0.053374111331046636,-1.1078988265333032
55.15427434352692,14.76540349725896,0.2669105924136806,Normal,0.0991211890661603,-1.0202606461269497
23.55439766955899,13.800913541474516,0.0146819331277921,Normal,-0.01827476645166637,-1.1511479162734626
54.86125954092192,-6.255627015095294,0.0929129012701737,Normal,0.14165714122953077,-0.9889365176017861
44.22376579375525,3.9580353343740895,0.1620845901138898,Normal,0.16382722436950387,-0.9898520145813976
39.84616999541062,4.940301862827388,0.0555877186492738,Normal,0.11848729974044814,-1.0810854305860844
59.175144332613016,2.606737658239071,0.3628731421368042,Normal,0.13662477845976367,-1.0221570222736158
65.46499283743927,-5.503051538454201,0.326185553069642,Normal,0.12281050093393314,-0.9946794005086753
63.96920178674298,-6.716233679380515,0.5516768599767246,Normal,0.02730701338480679,-1.0210836611952958
37.41173715166042,-0.2555407099144527,0.1099186560623747,Normal,0.11106610734594397,-1.0958194244142223
54.96895147105346,5.436001545944324,0.0782209788311515,Normal,0.12675650083703965,-1.0782500316094112
64.63317690683539,-3.70614332086106,0.1767688055025618,Normal,0.11266695422944939,-1.1024992971825331
42.81238643232065,7.716987106483447,0.5954379734962468,Normal,0.05267378058515315,-1.0228191906819517
33.40497538990958,11.487657003721036,0.1055672064555032,Normal,0.1257142108996891,-1.0703466066537464
32.05690063878994,-17.397137787780995,0.0311859105555057,Normal,0.03424862315403698,-1.2318876611134877
62.18788733591297,-3.6244094140313217,0.0279579619790819,Normal,0.07054808323014083,-1.1504212268607916
70.34360042856234,-11.19669894626144,0.3679765943353593,Normal,0.0783689906290348,-1.0479650113933117
48.91984817629499,-12.946814757209058,0.159129571300425,Normal,0.13106186470509235,-1.033938770592281
55.424540375714514,-4.6770120131189135,0.2436991769678001,Normal,0.14265725153651748,-1.045596132542546
40.323203680923136,3.465038817307158,0.170977740591307,Normal,0.15718231361853258,-1.0720176633437892
55.42093408262621,-0.4692057887918407,0.0807239819987891,Normal,0.07582756727195428,-1.233728572590525
73.07054849698955,4.770408272231215,0.4477791997522805,Normal,0.0698137827729724,-1.0588679422973666
49.46260941335073,0.7682189106025537,0.197351654715525,Normal,0.12108714441465696,-0.9978897400651441
73.4696548372101,-12.829922241885695,0.2614729695537015,Normal,0.09958199633813786,-1.0084723556575792
62.32853756562836,-4.937565831613125,0.2492464228769708,Normal,0.11855691058389295,-1.0243668928929106
51.30570602357257,-15.56581898659751,0.3888004532026781,Normal,0.06473879732924748,-1.1489782165257663
45.51488974301199,-4.281151609659125,0.0898309777348184,Normal,0.12212382195572558,-1.0990301053553087
51.37641164803254,15.007597906343108,0.2393537041475697,Normal,0.08019900956389153,-1.0188886349021338
20.186466280986608,8.50221742113493,0.2004520499405746,Normal,0.06151621766029469,-1.0082802704674634
46.70492168243732,-3.486521344078592,0.4009969437535314,Normal,0.15923400967800816,-0.9812246490027002
55.3566885726762,-3.492577043184288,0.4674355152035755,Normal,0.13141422262963154,-0.9961702799586405
72.16841067112274,-3.2163505121738263,0.1279157924541819,Normal,0.10171599983182539,-1.0474563030954067
42.22594672589529,20.76747983560841,0.403734941984525,Normal,0.06354494978947167,-1.014863977689992
37.87259595660218,3.8193545223155336,0.0894865576156005,Normal,0.15638973778492482,-0.9959865464103494
42.47364434623195,4.3004164719106965,0.2478156639906327,Normal,0.17679787324500634,-0.9502100440983497
63.73103176553112,10.302834540318422,0.26449203451846,Normal,0.12496132741943222,-1.0029900481795513
54.93126664489527,2.387891590265135,0.4549932251283338,Normal,0.11777033414525911,-1.0827777074886928
42.05359694349442,-2.590421458207031,0.3895079338725103,Normal,0.15842827942341925,-0.9744500566424572
57.69901149670034,-1.9634984908497823,0.0971817728565808,Normal,0.13090670268404014,-1.0041377375216836
51.45616324022061,-0.7160125941406394,0.3828986050331805,Normal,0.1138777250040453,-1.0014792740084257
39.46920359183972,7.276295436369798,0.5903979088514874,Normal,0.05650737642113224,-1.025341471460905
45.08506780103348,0.5194588580729943,0.1760983318750708,Normal,0.12342871619150053,-1.0151408307013934
44.11837770301764,7.326400772155792,0.2144134952920709,Normal,0.17026645650664202,-0.9873980103660948
28.04727577801822,-0.8071658010858231,0.6204682337798468,Normal,-0.03328108550801612,-1.178637340853285
54.44180415596864,0.7863519031609059,0.4872331449600042,Normal,0.07629711684502394,-1.047493481714905
53.91582908269834,-19.98200684532108,0.0962069245149607,Normal,0.054835419088584025,-1.1135061374117974
50.07670184963691,9.163276747024817,0.2496558034719668,Normal,0.161608633326225,-0.964603841359201
46.4811929993728,3.464884758979927,0.341237799092246,Normal,0.16226520769934227,-0.9758967490699643
28.769438869243785,9.980101098596522,0.4009150563139554,Normal,0.09810448696362639,-1.0152571512602602
44.85928225209846,20.88374704780728,0.5572754113921149,Anomaly,-0.057727657145131284,-1.4609230909738509
37.96584096167572,-1.3958962815517375,0.0629427880187678,Normal,0.07086187732562305,-1.2241856214884943
47.580714325009865,11.081828167375164,0.1229522065476816,Normal,0.0948412570671805,-1.181390159306785
56.06076285221808,-10.39905927125531,0.5302969759506505,Normal,0.044145375759390704,-1.246152688514969
78.29278851815795,6.127739050625697,0.2709993961105075,Normal,0.08320187508381788,-1.013480701415666
52.61866719247759,-10.534155631736562,0.2770890275188418,Normal,0.14646188432997986,-0.9892864392870175
53.86325586084146,-6.237689606958051,0.301184192228817,Normal,0.15217798454427828,-0.966945757151264
48.88331126350749,19.14031353866786,0.1401494015576146,Normal,0.09394912443131109,-1.0555323138930155
21.21843177051438,-1.9068240076334655,0.0737337849011167,Normal,0.046133982498265835,-1.1132772914774427
49.602291868261744,2.1743287317972286,0.3291565105170932,Normal,0.15169754288193416,-0.99641802265789
50.9034531491154,8.700677306887542,0.359768584824016,Normal,0.14786168709433473,-1.0062726501858585
86.94863168727929,4.956818879726047,0.3097774732702404,Normal,0.0019550746071042013,-1.1550770213813344
47.114585528283165,1.5041890514357643,0.180350414287884,Normal,0.13961385994713077,-1.0639470424378925
54.52321013500418,3.6496100246622554,0.1104932580161498,Normal,0.1440267692988874,-0.9826464354324731
49.47932345442135,24.03415585238275,0.2268526189451653,Normal,0.02816764709061803,-1.0630852224732814
32.46982943570702,-0.5761879703358539,0.6389059701703222,Anomaly,-0.029398718614955688,-1.2982775122486037
28.972234058115788,-11.430049127304835,0.3904389243462244,Normal,0.0748288499403244,-1.0772885346547671
58.80285640700406,16.33431532301096,0.1697375890428857,Normal,0.09971717435627847,-1.0050203321711786
82.85683438714968,-11.46345393018688,0.204026175015018,Normal,0.0631803205089963,-1.083578630278232
35.14195512303968,3.0263546523903324,0.2549263267105989,Normal,0.16371445977326227,-1.0420302382277742
41.50553405595842,-7.542758500193579,0.2890608269629373,Normal,0.14631349973128382,-1.0638718376959262
51.49477047631462,-0.6413834659299255,0.1407896901376907,Normal,0.10033108630437382,-1.0718950389253568
42.44786518825701,3.287624103034804,0.1884686348827569,Normal,0.155771563676113,-1.0354017992494096
26.74004853400801,3.2135721545027307,0.5651992012277928,Normal,-0.0016245838209372199,-1.156192602165031
51.02844462209041,4.219207542352848,0.5441384134079766,Normal,0.04779803785919845,-1.0059764613905116
57.10388645952772,4.535343015139798,0.1937947313120766,Normal,0.11854555003844602,-1.1686832111418823
36.20863648649295,-2.441566352906487,0.3917365978571069,Normal,0.11428315246039122,-1.1898202992065947
73.24901607526309,9.640871682883573,0.0549042835324885,Normal,0.03987471212349136,-1.1687849773884371
38.251200614956446,11.894704889246404,0.513200034727355,Normal,0.07090166555428867,-1.2168949390196395
45.16907725691487,-12.276078151369925,0.1680138488305095,Normal,0.15157502239029463,-1.0063408733745893
62.202758260545046,5.97400069849858,0.3498451382963249,Normal,0.13418866253614786,-0.9854280827563802
53.41189901906194,-2.9756350335999198,0.3992098512519557,Normal,0.11022376443689935,-1.1073537131753692
69.60714131423643,13.757068133116196,0.3602074853627584,Normal,0.06559906228159357,-1.195390251877957
25.88775148158159,-1.5005558703252673,0.3368158164406375,Normal,0.05079778461479734,-1.1606740232182082
52.769507877984566,1.2557645347154225,0.1256675155755714,Normal,0.08322868265499889,-1.218886610865555
53.89824191372635,-1.730718242838696,0.186745643052941,Normal,0.14702135106814684,-0.9851434366825199
31.445739336828773,-10.962750868952018,0.1611047165510067,Normal,0.1197872177743386,-1.1091022797244179
30.19315080373585,-14.400508825942945,0.156019393834899,Normal,0.060588515477292826,-1.130691465078976
57.829123484253465,15.94505063224972,0.4891720840330514,Normal,0.06832897379936653,-1.081209691310652
54.45477009849779,-8.469613483183277,0.0405952160464261,Normal,0.11822279717075629,-1.0308396008111003
53.75739275518815,-9.913923494563072,0.5013100171730703,Normal,0.11129857230970219,-1.0106955883194064
55.19672314245464,-21.533901136037148,0.125480123667906,Normal,0.048361946160506375,-1.0445946205819387
39.79962917632264,-6.389617476895023,0.3783262469877855,Normal,0.1449772356550913,-1.0225058824982214
53.48380545741505,-13.230897934074983,0.3222129037148611,Normal,0.10278492789926424,-1.1391605826878404
54.39608709948022,16.420151601363692,0.1213622535720952,Normal,0.07671493179460165,-1.2447154048484783
39.28472872960448,10.098170893426342,0.164766719941082,Normal,0.1494910129875957,-1.042073384155678
77.98661766717134,-6.881503451777238,0.4210690230658028,Normal,0.07684054598460593,-1.015667703102587
57.10749381367681,22.524358053443088,0.2230656431040991,Normal,0.06245052352197916,-1.0077600387994097
59.84830412950745,-3.2483138350862246,0.1765326311521286,Normal,0.13418665397037693,-1.146981421973504
35.379774946590175,-24.99405714873573,0.1693998756977423,Normal,0.020494536971282118,-1.1594386526739133
61.806269056136784,22.90942572590742,0.1012367631091599,Normal,0.021425609969576098,-1.0820382387916196
67.37893368511106,-13.89572466763596,0.1552197678852778,Normal,0.0586814476368423,-1.0801549440662077
37.68976522472434,-16.45398746956892,0.2516719879928031,Normal,0.07008846515999478,-1.0994590234563923
56.19171390404748,24.39752406339273,0.1628761947287865,Normal,0.04133269522594618,-1.0639981034676036
62.33090239991735,13.842728185105182,0.035861074519571,Normal,0.02144336344257447,-1.150397486362345
78.4518947398092,5.6390912005235965,0.1868926162656133,Normal,0.08631850611143849,-1.0654457478572072
46.31917825995694,5.947543416652859,0.2802197590789023,Normal,0.12344439366159221,-1.17589137815623
38.69395753463765,8.534155587803077,0.5039853388745347,Normal,0.11359000049880985,-1.1990050719361416
36.65728355561715,7.589285897867652,0.2905356993774629,Normal,0.1336271557362368,-1.0468969467759803
37.76284572551842,2.811914239693758,0.2137032540043945,Normal,0.159510223859134,-1.0034798822349535
48.843474358788434,1.0420110395187607,0.1742040407701023,Normal,0.12313153933056825,-1.0417200580063066
55.11727962224965,-0.6259312789952242,0.3991960073625363,Normal,0.10058108878097655,-1.0219776527667863
54.15036198995029,-7.539645888666762,0.2659319496638474,Normal,0.15883541554365305,-0.9840274732226375
62.40774873554036,-2.8067507686677406,0.4020401338219225,Normal,0.11382665562872751,-1.0509840500226602
50.19502837816861,-16.929568141953855,0.1054043592980552,Normal,0.06299924950606262,-1.113331702044
71.80301115735975,-0.9833962679474988,0.1896220786800948,Normal,0.052491006766104964,-1.2253684659520636
46.03014750143066,-9.885911071509174,0.3548328182831716,Normal,0.13972340136818195,-1.0541561526211565
59.385010216475095,1.7989415115347844,0.123504889954708,Normal,0.10966731609898056,-1.1532837156839022
37.14263665375576,13.920022863445991,0.2413778454503063,Normal,0.0890054943830913,-1.137953974969915
33.93661252908332,9.18316606002313,0.4688543103047804,Normal,0.12182280819193886,-1.09172390495239
57.23708622864778,-15.70500603623177,0.5491671814360513,Normal,-0.013669145566631458,-1.2450569215911946
46.64805822011223,-9.896281365703375,0.1320866566288173,Normal,0.15256349040557965,-1.0008437943824118
60.71000741138138,9.40771187988216,0.2989363140201345,Normal,0.1253610147223883,-1.0191312350700579
57.09856436860317,-9.824873935383096,0.5146805029932751,Normal,0.10660581454732171,-1.005236490521936
48.90756631014691,-2.246331499970246,0.4008971368260078,Normal,0.13777079150756155,-1.0431049617017278
37.29809422897392,5.500520990245519,0.2842255949831302,Normal,0.1514542641441814,-0.9756821998448318
27.277291629712032,-9.683444548636352,0.317544110113382,Normal,0.0882522667221653,-1.0726798666882693
43.302275718994686,1.053755061459599,0.1384834698703489,Normal,0.14134962125102496,-1.0051255949384414
62.84598191485209,-13.340254949182045,0.2009712364540103,Normal,0.11486384400114791,-1.0175577413413617
53.21140616195306,-6.013676439512137,0.2418896431622072,Normal,0.14833239185978353,-1.0005060539831478
31.31391831932018,3.1978193414253697,0.2295611941890383,Normal,0.13006817026205147,-1.0937098397790455
52.59771388776773,-15.929937335316692,0.2156860757163646,Normal,0.06996748661660757,-1.0568297796813628
55.77976069593255,4.4047473796039895,0.1231095801822028,Normal,0.12233153500385485,-1.0643947320954807
36.74213845698301,-0.1963779892668121,0.5160624858560737,Normal,0.07957413989145085,-1.0767408545802648
52.30587658918292,5.524899544171477,0.2623139249573352,Normal,0.16157932700434463,-0.9750999867911517
50.87313077669,2.239141340646614,0.2309942687514944,Normal,0.14728932098678482,-0.9921376998300605
32.85544553254066,13.641404299738442,0.0959512859344814,Normal,0.10548786296931084,-1.0593519708364525
55.36681040522425,1.2522450264790728,0.340353357371217,Normal,0.12278921836194101,-1.023148454172489
66.24576864762915,1.2229750303228375,0.1620025771710848,Normal,0.060982002287725434,-1.1983893353893873
65.80703078052355,5.432980290363879,0.1945993531314553,Normal,0.10771590027413036,-1.0699818393589968
29.334959480643636,0.4886007032570433,0.3889033363849212,Normal,0.046875093837849824,-1.2359771444249188
57.7255290081299,-7.019916878067553,0.0569606868617727,Normal,0.10962607667549301,-1.1711129500422164
57.706789263683135,-6.6290091755094815,0.5068443274386882,Normal,0.10400297162914218,-1.0787459012458647
57.72571529459072,-14.026052717996937,0.3043925052678168,Normal,0.06189039737261737,-1.1302799641770993
58.56335766039751,-12.438632353912851,0.1367056096153261,Normal,0.12847351706093935,-1.0652390631491293
67.03348460270898,-6.929051977959073,0.4491401171221709,Normal,0.10075455893440927,-1.0163241062424464
64.31002645239803,-7.184072655691974,0.2518147960573942,Normal,0.1320866737724275,-1.0003494206338015
59.77086876958697,8.949243769444413,0.1695139260731264,Normal,0.16582966558934126,-1.0210589802156265
45.27096133039482,-2.949496782920278,0.0801464927057364,Normal,0.13574080305479524,-0.986878994781377
61.38453830739901,12.47742072673734,0.2325370523553835,Normal,0.12662192556626828,-1.0464567104848568
38.40762178193643,-6.734906242438685,0.4841625365767797,Normal,0.14213936283219114,-1.0137748203610406
46.44772089889987,2.78994162223802,0.1693257626556566,Normal,0.16553586111282037,-0.9604487125797634
42.71954678256345,-8.353470532597573,0.0747789270014016,Normal,0.14258374352430853,-1.0137055205527463
51.22811209079484,21.451491277733883,0.1852423234921943,Normal,0.06308119464161294,-1.0241289830907911
84.71987850010262,-11.875984190295128,0.1679635137045052,Normal,0.05521207123728,-1.0789783255154155
21.99102211112378,3.0982071022702757,0.2763354949660545,Normal,0.06739262078585251,-1.0494863033441735
60.2939028556177,6.337768809320985,0.1309785515470798,Normal,0.11231901383903098,-1.0886882925880914
25.809261932155223,4.137990974514983,0.1542500262093677,Normal,0.06549924319720812,-1.093083106874286
42.9210220131585,-1.8528765887770828,0.0899353835301188,Normal,0.12082695450245323,-1.1358971839550875
66.33425895451049,-1.2982069973342616,0.3465590425511273,Normal,0.07172196794955815,-1.1641534266769913
50.96420028643194,0.4381147197910959,0.1649902537464189,Normal,0.09095783676228442,-1.0546465423906721
33.83382833106041,-1.4700200162848862,0.1454381844637113,Normal,0.13489236910976743,-1.0067701138752674
39.27044436110047,9.638791167949098,0.451163889216197,Normal,0.1468103131392205,-1.0194699932098534
60.19396623402014,22.105230015913516,0.5292063498589319,Normal,0.0057433367357278,-1.1525204838045164
39.04450052424295,-5.574917850078336,0.3771771971387949,Normal,0.15477557117305074,-0.9982040699391785
53.246878843729625,-13.698029795790776,0.4977153092263308,Normal,0.0947807912065537,-1.0785547002974585
50.68357759855721,-0.8828204835125482,0.4231845666292447,Normal,0.12034454846395748,-1.0190170101912117
40.22599478591275,25.797093376543184,0.2173364748969555,Normal,0.03207882852353172,-1.0458078364639027
82.15916133987989,-8.036745679697308,0.1054974346874186,Normal,0.06978745301809935,-1.0692767336939
59.50878533477017,16.391168054440676,0.177115816076833,Normal,0.11092101632634144,-1.0156355831911905
19.62286120013589,16.77700814076441,0.1560104234247701,Normal,-0.020466852502843413,-1.1598026258904752
52.796814721541416,-5.535882417079946,0.3583027272484148,Normal,0.11843231198863319,-1.1823402978197692
40.07320302847418,5.689830791852754,0.2382117203777517,Normal,0.15318175179171306,-1.0311199021875574
62.78650002194336,16.28396623128538,0.0444376371349206,Normal,0.027992148526376992,-1.1481492199449097
38.11218892350949,-3.791277409874871,0.1774341564063493,Normal,0.15666868156864966,-0.9845741391257136
48.27895337799652,-2.0358036010236176,0.0810503458688375,Normal,0.13397666610967118,-0.9842537095241773
57.57480918470686,-5.816809139486438,0.2332597297899884,Normal,0.142234350948942,-1.009652351651624
62.98632791255182,-10.147567306928668,0.4563029734443914,Normal,0.1059789683230718,-0.9965789825562682
31.99555389416336,-6.492775450660071,0.1109951227085874,Normal,0.12468311784425179,-1.0756748235155902
42.87582033258566,0.3408346825922607,0.2494485341513156,Normal,0.07147835381500334,-1.2249555644284575
40.20006151139432,-7.699732310586418,0.3576596696917246,Normal,0.12495251144533426,-1.2054255274017787
76.48181360421646,2.337859117907477,0.1411241998676989,Normal,0.044032929983787716,-1.221444639663999
31.086740684974323,3.3088023221445706,0.5239791499617252,Normal,0.0754910811264623,-1.5224335183815352
81.8323429551895,-19.937356425714555,0.2639644320402215,Anomaly,-0.0393147021046345,-1.6227382326656496
65.4869789082672,3.7405656984757214,0.223514158884564,Normal,0.09089945098956936,-1.237009356723284
27.2094505106898,12.276689924732922,0.2764270470816738,Normal,0.07586739793040448,-1.0409097291123557
42.73648890700623,-12.096410186912054,0.321129255341407,Normal,0.13714951298544814,-1.0796487476067333
69.00366723779933,16.725723868377035,0.557406885681536,Normal,-0.04567156946787132,-1.2475561725480477
39.38495801571829,4.190190093660452,0.1621890861748199,Normal,0.16334858019910853,-0.9768610103683164
56.657291422193424,-7.050118557584089,0.154807479392052,Normal,0.16296177340764928,-0.9918619961158969
61.61951080144005,-0.5576907765770601,0.2096039228273493,Normal,0.08113585122997785,-1.0679494306101769
36.09604292632876,5.583269125217224,0.1068665371877108,Normal,0.15173270032884933,-1.0189747124470456
49.107119659073,0.7600539141241149,0.36441921405229,Normal,0.1104304679225358,-1.0117854915482956
34.63418537998565,-9.206735930793664,0.5752524381494896,Normal,0.033288689830915374,-1.1326379725788165
46.2114777291026,1.69360824036078,0.2816515588456469,Normal,0.14418777317723575,-1.0490849233686574
74.48616955897452,-1.1122606134870032,0.0456596310029253,Anomaly,-0.014319475377469693,-1.376820972798708
28.54787933059051,-9.039076414647898,0.3907392159198113,Normal,0.05581466645593325,-1.409876629517199
43.39933269954524,-7.355299425897666,0.3259029406210039,Normal,0.12360818961302822,-1.2235816364324374
51.96110865929137,12.360931752104374,0.3450841502829877,Normal,0.10011445568117522,-1.3077330236768345
71.61909933599173,10.91310120594269,0.2370136739010705,Normal,0.1141773421233066,-1.0032269443657837
28.46206773230841,6.09138120907177,0.4243518655493258,Normal,0.09590608870055872,-1.0078076231182878
67.4474562823244,-10.92312764672579,0.1288120009908881,Normal,0.11971804923214074,-1.0224510692063151
50.1534959152938,-3.164084496948019,0.3299114686361586,Normal,0.15649760541583707,-0.991217064502733
35.27737023428074,12.130976999791834,0.0667555305661823,Normal,0.12135030748935494,-1.0891636743467037
56.93155211394906,1.4171691363990475,0.1057107830323264,Normal,0.12514848814129942,-1.003492375095853
52.98589543360205,23.193295399816943,0.5357995621053333,Normal,-0.029816325831931723,-1.1608644709124198
40.99674684261808,3.933178393943719,0.1595713437757506,Normal,0.15936987855559187,-0.9832475423189324
51.04703127485028,1.920491164900316,0.1228798987176632,Normal,0.11651609436814109,-1.068520575924663
44.2202960470736,-3.0911646420250136,0.3099564477393267,Normal,0.1440569744942699,-0.9942650114606666
51.70276017876872,1.335409047822823,0.5006741240171694,Normal,0.0783049416612785,-1.0974522835267977
59.9319601178157,-1.524698363805439,0.1925333812435086,Normal,0.13008304767195372,-0.9967910138396219
31.432767517597263,9.56702316794584,0.1658069239561412,Normal,0.1262441158316907,-1.065180418349704
81.995500619844,-7.859894605079495,0.445325731706341,Normal,0.03810352950427387,-1.1070487753223819
20.718683007162472,-13.31232953557778,0.2871034665903474,Normal,0.0003244847325675204,-1.1466828273289091
47.72322357446625,-18.362053731032965,0.2051521024846308,Normal,0.051939937881093856,-1.1255197178993706
58.82475809726865,5.079913269125437,0.3569482999794101,Normal,0.12757525716516738,-1.1415363290448413
54.21487801602549,-11.033666061738735,0.0872053159749631,Normal,0.1037453289586957,-1.1022705503801078
40.659507202691096,-21.52890592952483,0.23791157291652,Normal,0.025330900903861808,-1.0835581520392665
46.87816624464087,3.885786045309641,0.2125906368597829,Normal,0.13431050506782505,-1.066660546424718
42.60498598011751,24.929995174327907,0.3380474712276761,Normal,0.021091202625498573,-1.0815888600106054
41.15952864583683,-0.0607091153989332,0.2905275608427198,Normal,0.07182494407396744,-1.0815512666190308
62.744031455315366,8.384907744516418,0.3479181328972756,Normal,0.1223070014388768,-1.013815841966816
55.35523228947571,0.8182935854756501,0.4221996077051169,Normal,0.08983009501024009,-1.0257695759933245
39.60635607109019,-0.9888965319114268,0.2424964231836355,Normal,0.1419695351672805,-1.0682931485179943
63.49399813149876,9.190764829877686,0.3024763373927353,Normal,0.12222494634204073,-0.9915348348788895
54.60949281314914,-2.902745441886513,0.5685546252018754,Normal,0.031330850416127265,-1.0201398540454725
62.1929317825844,2.6739231407190296,0.2939324011203272,Normal,0.11372894991898547,-1.0430423854471527
59.44443262885419,3.216978061960136,0.2371806947234474,Normal,0.15569854048471504,-0.9903260774242829
37.56507483616892,-6.680904536430488,0.4348483136027772,Normal,0.15712500337740726,-1.024262513022448
41.597284397045456,9.920423495365227,0.2476647534198212,Normal,0.16820867257932487,-0.9794218644311705
61.20940407684893,-1.7495975669540864,0.5915252921662858,Anomaly,-0.015929823542768173,-1.1303966460418198
59.15555398150197,-7.557451594928447,0.4941427378687356,Normal,0.11821869175451283,-0.9879421542711272
49.68647609053778,5.365098435704035,0.1927509224419929,Normal,0.1677422307284942,-0.9651438091674424
51.75991074963173,-8.984679817910372,0.215708580571228,Normal,0.1420714668304981,-0.9899162265111746
41.12642916746255,-0.0911899664420354,0.432033472949111,Normal,0.09933710371983806,-1.0344971508718823
58.20646071755057,10.85895565831578,0.4727380263938699,Normal,0.12154229909814235,-1.0349765947684917
46.96711021349159,4.746982328799528,0.2538973946761992,Normal,0.17728815233690004,-0.9566148443470401
46.73478195159169,-0.2502695874514392,0.2857213617632627,Normal,0.10337285987472333,-1.0192545219241107
66.48165277980786,8.17766299200287,0.2317922806044498,Normal,0.13312254704043158,-0.9847137018017202
62.38124523482045,13.902075490173134,0.2332041462800099,Normal,0.058882929847635546,-1.0127053461802988
62.20264454000958,5.578103063518622,0.1697303259220881,Normal,0.11499354568777242,-1.075113152587991
50.31505762449139,-13.118362323501596,0.3319587751508012,Normal,0.1313641697242946,-1.0361875560185196
60.22929456942446,-10.651136630753726,0.3427031340245881,Normal,0.10347025335191734,-1.033858656713117
45.34599865109816,-3.0522470435466764,0.4732074603715058,Normal,0.14024064459673247,-0.9957644701335724
54.86249528732663,-6.095122021592832,0.057826174727944,Normal,0.11876528178823881,-1.031662660720238
48.047854184484734,-1.86971302985446,0.3342823374545915,Normal,0.13434894888209364,-1.0734456634225358
51.45493947489077,0.5664992489710716,0.5055663733930453,Normal,0.05364024573968018,-1.1170716773618854
58.9273553815537,5.296927543567308,0.1092677169367234,Normal,0.14984748197739117,-1.0134438919614115
37.72668975149792,-0.7049877805909122,0.476371862104171,Normal,0.11372628728450013,-1.1330280103213473
81.3858091352819,4.865016438262019,0.3351520189164386,Normal,0.057433259708243534,-1.0290518545300764
34.90973927750447,0.6447441481012024,0.3113112656037834,Normal,0.11153599369438794,-1.1139289507696717
31.78717080818402,-19.754665663538717,0.3156514521042243,Normal,0.0458806772014958,-1.1219223538613174
67.37166310250102,-9.393353938187545,0.1342593059642669,Normal,0.11150380449347663,-1.0133900688062178
61.87494040944404,-1.440875557216155,0.0426125165402731,Normal,0.04556904895334857,-1.2415889610172692
59.36179725578233,-12.096947428411076,0.4402492515093427,Normal,0.10307557706974485,-1.0517383710626063
59.4251826389642,5.999287299962045,0.1195934956640864,Normal,0.14252078019594483,-1.036754774994421
49.81629840729628,15.307508323436974,0.2000779313230957,Normal,0.0967417658329921,-1.0753849415479375
51.13706837290589,-2.13442870930208,0.2817555447671213,Normal,0.12749323231416798,-1.0454589525217366
39.84257432731832,14.90726136849952,0.3492651154755515,Normal,0.06806815152662182,-1.1051259417696466
64.62679600126627,1.4866745720211156,0.183486628129589,Normal,0.066369432667997,-1.1931734180880262
47.79413927746792,-3.370859711180393,0.5023166737897836,Normal,0.11036431476909381,-1.0279915671064106
37.61754204811233,-6.1340266354093975,0.0624500784100217,Normal,0.13897833070318372,-1.0145313329294066
45.1792123752051,-3.0246968648812835,0.4354437700393007,Normal,0.1572275422834794,-0.9905930112174917
56.193971814134365,-3.881768185412288,0.0920630148030118,Normal,0.1373552876418167,-0.9898455787939826
41.54413170794038,1.704162223754877,0.6257518883853295,Normal,0.016360243391887797,-1.0278221666852991
37.66669406650352,1.6057398104986458,0.3770081169472025,Normal,0.13887234105080365,-1.0772740537784151
53.674498566630845,4.369381697463498,0.2743528735631583,Normal,0.15601872250909127,-0.9838935617489086
42.39585236943305,11.906462747863412,0.3825666156869312,Normal,0.14071808273277636,-1.0365077650190955
42.93442541572516,9.495541354413238,0.1784396198271592,Normal,0.15673674224565592,-1.029790252264731
53.48074906036455,-14.848979684499035,0.2162905367743838,Normal,0.08192602870326238,-1.0629048136780916
28.27873487754014,-25.53921134901955,0.5209740341645329,Anomaly,-0.0397701656681575,-1.3102208096769263
28.888043384351672,9.343199112392735,0.279074004926693,Normal,0.08868510269895508,-1.052931521406041
39.22333668121346,-13.668786984154211,0.4849887995749727,Normal,0.10400142368613607,-1.072274311615888
46.798292724322295,-2.2476540189268355,0.3481128642195799,Normal,0.1278462161012921,-1.0841784424297654
54.66361348397007,-11.701130260593596,0.3776973082787966,Normal,0.1254933301012004,-1.0351854002080658
72.13034325424329,-18.0198043758002,0.4552676384890686,Normal,0.013615831663594258,-1.1868013430222593
62.86489434803029,5.4146272820478805,0.564636774420852,Normal,0.009746617231908394,-1.097357060211586
47.60092205054859,7.591551603026469,0.1352549552408208,Normal,0.1621466338480373,-1.0043698314505844
49.71475688145967,-5.765104007267194,0.4189062970344011,Normal,0.15247642439072884,-0.9920537989461835
34.96205953043287,-25.910422921449097,0.6277239733678208,Anomaly,-0.0804933594599494,-1.3756280557759566
49.72230296011415,-5.462444482524828,0.4233062618932802,Normal,0.14818164580486065,-1.0011015280817879
45.670120416197925,3.918040054025465,0.3242865327317485,Normal,0.14106046245015214,-1.0281938745574828
54.84077840507134,-14.789115687741289,0.5237323534287259,Normal,0.024818724926806923,-1.2312063274507319
72.99108369503867,5.792914996010884,0.3939614324212918,Normal,0.07244612693267322,-1.1309393013658962
48.36859777314714,1.1958036841415325,0.3799956547644613,Normal,0.10463676943293132,-1.1208930086249616
56.02567583148412,-9.730689408815556,0.0841743365393104,Normal,0.0936800855122552,-1.3267450873470676
60.352159875666686,11.965715016644914,0.4372271147397712,Normal,0.10322328200278091,-1.0388059073658873
43.98169292171246,-1.5852957302697002,0.0941077935758852,Normal,0.1408412411050956,-0.9881572300548843
50.18888601172692,-9.33267959073196,0.0776550664575109,Normal,0.12533640848523092,-1.0203419987267939
51.46514147823248,-4.432822511915103,0.1282124549316295,Normal,0.1416015128941281,-0.9846408509398448
38.404853242168,-8.848027140269009,0.2142506430565661,Normal,0.1354288205971968,-1.05412382329649
50.36765261388414,-1.7294605992342298,0.1898088523955465,Normal,0.1306834680232829,-1.0452262668894063
57.46997436868175,17.117084801423434,0.449549690409468,Normal,0.06754547679233391,-1.098730163658053
71.76715411692562,-13.719011429313564,0.2340831361350911,Normal,0.10286289871011928,-1.02563051145043
64.3890623912781,-16.13561397876741,0.1004746869111375,Normal,0.05699207821622365,-1.0571345595479087
82.29773686267335,14.711703274936085,0.1752910699720822,Normal,0.031387270187601124,-1.1242854369390236
38.489786556679256,-2.093236771518661,0.3112062459089998,Normal,0.1511324400365971,-0.9873188814920326
63.08480955081017,-6.690727386599166,0.3072581434169985,Normal,0.11302773347890438,-1.0435085915972095
82.8470439982651,-6.0561553973686415,0.4493230296578294,Anomaly,-0.013608703393541921,-1.4044097193966851
18.141564135352898,21.573082132655035,0.217206502029108,Anomaly,-0.03798216682179989,-1.21083667788399
42.11367467478858,-6.057149230033384,0.6337271424536701,Normal,0.014783412123515638,-1.0742353505458255
38.61301007669453,7.420953720093069,0.3024225452045582,Normal,0.13789152480028016,-1.0064595161380019
52.25590679714311,2.992925804064919,0.353243831536729,Normal,0.1341251832940608,-1.034491433445017
55.12633963665739,13.01741289398798,0.1960088011812329,Normal,0.13359163114158112,-1.0459002129478598
78.14256258823829,15.615111967268527,0.194604146338236,Normal,0.030990784466846555,-1.0987492678182051
41.34644516506396,-7.534178703461834,0.2881738348704263,Normal,0.0894303537839935,-1.1704181270757474
36.52377992977463,4.599721429391164,0.1945107684338112,Normal,0.09125386632140331,-1.1497374332643864
24.30298206363684,-13.471262895296965,0.3146017534698956,Normal,0.05172413861035108,-1.1020215828692481
70.3080856124812,-9.716140385106517,0.5591300431761457,Normal,-0.009192734196416086,-1.113953651465841
48.28190232121073,12.004139079444254,0.0569074657411333,Normal,0.12497256828307773,-1.0772680225901865
68.56724467960193,-6.568942789713957,0.5215862971395819,Normal,0.08373086030282928,-1.0476725391401704
26.083585118084493,-10.469109826819397,0.1109111744624726,Normal,0.04264460155595362,-1.1236209125721488
41.00937465569341,5.366527525272861,0.2265228453079547,Normal,0.17055854743572363,-0.9998308230509887
50.07865549577275,11.857041546629969,0.0823237952883983,Normal,0.13914867401772746,-1.0172625265756148
43.249017927811344,9.960476858058165,0.515099224706211,Normal,0.06781244084982035,-1.160888399663332
59.34274898521248,-7.567950885694607,0.1524295832997067,Normal,0.09230756706914695,-1.2264189399626202
33.98569355926108,-14.218106667418438,0.401561690342304,Normal,0.03285200483611539,-1.121326380504494
47.8643077246806,15.013336519554867,0.1934741652155991,Normal,0.05972940071833971,-1.2673001287368348
51.80443447567848,-3.2267983884213574,0.5676055160091945,Normal,0.028826227153474715,-1.0127525495240322
57.71658251088124,-2.5083301645504736,0.207457529958512,Normal,0.15181830727571427,-1.0172831491400047
60.67422317133335,13.28194141849058,0.2430327927543291,Normal,0.12234649016785626,-1.050986182398372
33.13036862243196,5.562300094006599,0.1686796225990403,Normal,0.14708444562608963,-1.008262363886361
26.988287438965667,4.558877720816076,0.1197872134843499,Normal,0.0906413424063725,-1.0265722896407858
69.16515232847763,21.65002344901084,0.4281637369757693,Normal,0.0008878298301696619,-1.1993584469981957
54.98471017969388,-6.4351823038014295,0.2805328520070296,Normal,0.1428724830541107,-1.0492931032383062
38.7727019516517,9.278401280812371,0.0255304591814648,Normal,0.1067694074995737,-1.0463871480639597
51.73511951439288,2.685922788632569,0.2466749134265328,Normal,0.14261290693657624,-1.0237456136843135
67.6894577609574,15.284684264125318,0.1265914119379539,Normal,0.06860335027485642,-1.0317157422751568
51.01277722115164,5.078357562896238,0.076905262823075,Normal,0.13450305488048714,-1.0344270462096379
80.91121887322981,5.3829607904963295,0.1317865994756037,Normal,0.07630684868441429,-1.080564146168868
76.33011263664807,10.725073373098022,0.3423522504030944,Normal,0.05202617149508726,-1.0657207903405432
46.2655377728139,-3.649527295428853,0.4422870444385288,Normal,0.14498964418552118,-0.995657850877025
64.57356426431534,-8.392096673390064,0.2290208014335576,Normal,0.14204668447909202,-0.9793284167303602
70.52947336298523,-19.66356589376002,0.2079234242657764,Normal,0.027649637302904928,-1.1492552801378357
35.52614809129843,20.56207129940322,0.2608344425937606,Normal,0.04980180205494478,-1.1668532417910316
60.29077189997659,-11.03208365721683,0.1095262841662347,Normal,0.083737622995681,-1.164962031601255
65.87636730274382,-2.21253623585772,0.2508512520003949,Normal,0.09913563048818474,-1.1217793632230912
23.618907703653285,-2.7681329988892065,0.4615262690501316,Normal,0.0700291747762738,-1.0433610690847188
32.25112231001337,3.0740669780910075,0.6224521206393593,Normal,0.01819539628245148,-1.059185729850744
19.411517333598493,8.157372125392968,0.3984798933684013,Normal,0.05474641450640383,-1.036477823971801
45.95889748333163,8.604734883597454,0.0587343222846886,Normal,0.13503521215903908,-1.0433713546691221
60.76313383693943,-5.830774385689384,0.0996858624336007,Normal,0.12228521376206253,-1.0447997274820566
72.53535578144042,-1.671217137864115,0.0587453867701584,Normal,0.05660882989017069,-1.1807065012137978
51.11142170629663,2.8257995048829967,0.1404948127964428,Normal,0.14480448794309292,-1.0166093048868585
74.42923318356938,-2.4869112618354707,0.1813561796987826,Normal,0.06355156979447812,-1.1877661838758065
29.29847812677663,16.073455760199927,0.1207732276954052,Normal,0.009602238875701219,-1.1752907210096137
24.44926340967268,4.909749516382513,0.3803905055871858,Normal,0.08772210409122222,-1.0257785376342927
49.16678451655072,7.348777860498174,0.115508747068787,Normal,0.14666656608003265,-1.0052006626725378
55.76098173408961,6.628812686674127,0.3442408863859198,Normal,0.14226109814886045,-1.023527266768411
49.509578778588605,11.73473857485325,0.4240345061051237,Normal,0.13129036555581863,-1.0829498512190998
18.98836849940185,1.8102155870370693,0.2228239973320058,Normal,0.046189050007240495,-1.0527587453318714
48.66319940730818,-12.968319479558463,0.4966158879327197,Normal,0.11644263644135527,-1.056362259168545
30.432957492427203,3.996879517526416,0.3672419812866422,Normal,0.1498334685255579,-1.0032335386988946
60.04508823245058,-6.51356893791829,0.1766046090707247,Normal,0.13995844344483788,-1.0106234042217932
35.90180320508967,5.863640187550932,0.189464696727799,Normal,0.1495577010326662,-1.0625612845799812
42.2919962399496,12.382830714336356,0.4155398954279267,Normal,0.14957799394041527,-1.0439015228845419
34.11179717166573,0.2127157673606164,0.3736665773648109,Normal,0.09730916048935595,-1.0785228108085672
49.059813540902425,3.088330125989638,0.3157432682241395,Normal,0.15401226398287066,-0.9639981446300558
64.32713480751858,17.02214944635238,0.0839932954106549,Normal,0.04806826567385536,-1.0609305301951046
35.21410930496684,2.4075317948856827,0.1704002605691204,Normal,0.15420525374812816,-0.9965461412693906
57.56069773276767,26.016831141803948,0.1477675605532415,Normal,0.028479121857526546,-1.070466790250506
42.04613572441339,5.655096456315442,0.039946971742571,Normal,0.1005618157916926,-1.1694934487705466
38.10690751606484,-17.607627591558177,0.1032941517860653,Anomaly,0.030181670452193,-1.4634790587820237
48.394544600681634,22.906512114476087,0.1051529492765956,Normal,0.01278318705336201,-1.1882583478604967
34.47136516370939,3.8115838488277776,0.2278664790943892,Normal,0.12525996796740513,-1.1638077630179076
41.69526041979227,12.897527540827456,0.4036845371958589,Normal,0.1302661848857793,-1.0388039038061518
32.03183161116728,6.731813512699584,0.1854125091233029,Normal,0.13254743615569758,-1.0555295107982237
79.47087699374583,-1.384559839837738,0.2356320321207812,Normal,0.021807004644679884,-1.240715197934016
50.52895327957593,-12.242982362893658,0.2356871952026764,Normal,0.14441373553073034,-1.0086719011984595
39.50411738011122,-2.090232572860253,0.2556894500410284,Normal,0.16279638466965612,-0.9889801318519554
53.20969866101333,-8.505204542093,0.2773165893515958,Normal,0.13300438829421424,-1.0236294443495482
48.31507925463755,-5.805234498047227,0.4929038584246122,Normal,0.12418633265666895,-0.997536314066736
46.685456007001655,5.885784044206096,0.2246163601284669,Normal,0.15376954279017113,-1.0109417100294267
59.21250050065138,16.69904504351406,0.4978941595164927,Normal,0.05272870195940882,-1.1140900173865498
61.36261565070958,3.946715298229811,0.2708167713466874,Normal,0.1221167786702505,-1.035544515812283
42.04248278584209,-11.958830620351844,0.2447966527292512,Normal,0.1467461480567303,-1.016562101350984
45.874224542725344,11.96631486645651,0.4405181037535751,Normal,0.12308564917257286,-1.1278316835136364
15.471182528966224,-6.097829043193822,0.0428320459356001,Normal,0.0020962859307480652,-1.2537631018304514
27.27213406702172,-1.340171666729177,0.3382887652701045,Normal,0.07449928402893014,-1.1350731457789611
74.67451570251926,-7.8489831308224,0.2790779756873904,Normal,0.08663316245265656,-1.0183000450207527
46.264459406654325,6.482804338438591,0.1231956763357348,Normal,0.13820153919326822,-1.0953270137050315
58.648354445836496,-1.2094814860778156,0.3108549002870198,Normal,0.1088585574673897,-1.0689787699550508
54.66875231815304,4.195324439070277,0.5807638662086987,Normal,0.04154404848322424,-1.0126604183714194
66.79362367151865,-4.374583003234104,0.2116244883009573,Normal,0.129861361410895,-0.9959191902561833
48.0812361277885,7.2238135782777135,0.1906015665046827,Normal,0.16910616422612124,-0.9923838678196629
35.666893390993614,-3.7283315209176697,0.5287406174504465,Normal,0.11533158528411708,-1.0725487444293322
25.90330519613641,17.26963851233405,0.3441654266410305,Normal,0.017704291216846912,-1.172636970252229
53.051954538008346,-3.996361856146024,0.509483025220101,Normal,0.11816942009598591,-0.9804965408212329
38.654738820735446,2.2468472575188594,0.3888300984943921,Normal,0.1552121315789473,-0.9889033061492254
28.66619435603489,9.3259083187309,0.2486223552396022,Normal,0.09443717534513751,-1.0376802372038276
40.3014067363621,-14.183657329330316,0.3258502241821392,Normal,0.09564392952403311,-1.1132736118015871
33.77677994578407,-17.60808811980776,0.6161490898475421,Normal,-0.03808866350560591,-1.2670142408761182
75.30712452608847,-15.256563145700948,0.2637367830498125,Normal,0.03167738429039135,-1.1272206394406097
63.22459635424176,12.62584103427182,0.1821869445534877,Normal,0.10714029061993774,-1.1358886719916568
49.88041038025074,-5.518581458924468,0.171892970512924,Normal,0.14185398480175765,-1.0853243693701564
72.19916208335039,25.58199285668252,0.3967058968120799,Normal,-0.01584409402200715,-1.218990538429946
51.16052461471428,-5.642475986573886,0.2024517443898647,Normal,0.15905172897731068,-0.9735388855450168
37.08073698007605,1.8455130319703696,0.2286376528159782,Normal,0.15134582095519322,-0.985238654962988
72.84686115904486,15.421099525678756,0.4634907045628147,Normal,0.028618262033172526,-1.1386937449980068
58.08365065526988,20.06092888159123,0.1011867315191542,Normal,0.060573960351343825,-1.0801887359627336
34.441307685103155,20.615035766363977,0.2799184058289093,Normal,0.04497889794795451,-1.0436056673065348
47.14491982874588,12.083662305931425,0.4914679824608622,Normal,0.09170894466955976,-1.2449984051520624
36.86572619922865,10.240625258114624,0.3159941076745566,Normal,0.09825004422775818,-1.2566139287222025
29.25800403553496,5.925269492011831,0.2817194221228608,Anomaly,0.061520370815472236,-1.2693513099612554
63.89266321297463,7.783610761666377,0.3774191190742991,Normal,0.10099260363761275,-1.0791511115519983
78.64124960705196,-5.511857163285335,0.3231700330669986,Normal,0.056200893534990914,-1.0298289634544295
29.02148639271288,-8.181988834223072,0.2453787438648542,Normal,0.08766950932577433,-1.0409815357388639
40.2403614631726,-1.7018462252492843,0.3893073782684028,Normal,0.14794560841885046,-1.0524635716786561
42.69311924352956,-4.532280493272752,0.0909448989400802,Normal,0.14618385176618331,-1.0473636870556768
41.11409113641696,6.963874474567153,0.4066073344417186,Normal,0.16230696257624844,-0.9958742252242857
37.04013845480276,9.553052085705108,0.0491331729182327,Normal,0.12076780124933517,-1.0342123562320917
50.72782441917241,0.8840688629184735,0.1340608055562009,Normal,0.10111085386410518,-1.0495538110528244
37.535748253834434,14.775300810552618,0.3113574232014944,Normal,0.07627218603999447,-1.0915124358387096
54.05685238669759,-11.41689114133505,0.2347545075386435,Normal,0.13895340317154276,-1.0000521426045257
49.24642835826295,-1.936594592797181,0.2065514474430359,Normal,0.1450442620548466,-1.0132537223661329
46.41577929700385,-7.168223206028049,0.6816552682617121,Normal,-0.011018110001925985,-1.0652424981904904
36.386545069376034,-18.6653661707306,0.4125868136483029,Normal,0.033459788917978295,-1.081737807230844
41.34843004147501,-0.8268068584269925,0.05312104295972,Normal,0.07714050326517913,-1.3175624014890925
61.33086838738634,-1.2174750838328354,0.4906190425090824,Normal,0.04617447338821967,-1.2208022462373136
57.51375781436571,15.134497432421307,0.4547962996448925,Normal,0.06146716680118158,-1.1317574816380298
35.33667132802174,6.308116845547776,0.3608149425945933,Normal,0.16249213720696548,-0.9790830670525461
51.48998458143839,-10.24186824329205,0.1880666282232222,Normal,0.14553041058155203,-0.9881767674913228
61.27080685057683,18.540925663341884,0.396148132078496,Normal,0.05065160969832139,-1.0606365142581131
24.958920783179423,12.21033695525353,0.2841761625924747,Normal,0.0531359818296383,-1.0385815654977446
58.15040288569902,5.820977034686158,0.4365609916533659,Normal,0.13019822047188845,-1.0079928171383687
40.060643615812296,-2.264840988498319,0.1419092668807659,Normal,0.15197579007799095,-0.9724780762047827
58.55898002889739,-9.594392367234798,0.1751299161196779,Normal,0.1486815943287147,-0.9912105722292374
38.55111265186225,-3.72206776071053,0.1093952236279418,Normal,0.15135206074680668,-0.9744794769050585
22.926768490032213,10.88748619704186,0.1509465954397953,Normal,0.07287865355448897,-1.0280452442143737
25.58686343175256,18.84586305934609,0.1997711588453576,Normal,0.00950616768860768,-1.1634931079850463
50.72127419992073,15.43243528272189,0.323737194997249,Normal,0.07026279024337934,-1.0253944126378463
53.89583752582223,-4.888494217862741,0.152292841121347,Normal,0.1391454956028642,-1.0070131664405462
59.57888688166061,1.4088624691120395,0.4850993016333453,Normal,0.06109983985808304,-1.2169938109314065
25.0771990659656,-17.684393655628515,0.3596941655229386,Normal,-0.009081074116275789,-1.1844421984210403
49.00880302029025,3.2316771418478147,0.1966801624272618,Normal,0.12831916279029737,-1.1852165847189189
31.83475700356315,-1.476025862986687,0.0155314978309614,Normal,0.061707794726816145,-1.3904448802148746
40.222458382967616,-4.660365018682422,0.2799801593212404,Normal,0.161201994433733,-0.9934976387995633
50.71098006974621,-15.947030672667957,0.1860621232060169,Normal,0.0854610472817986,-1.050350505668224
37.09379952074072,5.136001065697165,0.1169097053007395,Normal,0.13349097187988218,-1.0651410643800556
44.23166683655262,-5.327008396619114,0.2867280689900613,Normal,0.13977213286009643,-1.0361304594790848
65.0943921382166,-11.69916835710288,0.4524646695830735,Normal,0.08775887023477191,-1.0333828837274068
33.05439718013573,17.72251596669744,0.233465421092324,Normal,0.07885685176461588,-1.1835436385713425
57.947062668729245,16.6125921454787,0.3430824449809528,Normal,0.09770924631838201,-1.0391184377304141
71.6235293098685,-4.570962565862718,0.4799059691988199,Normal,0.08463142987806116,-1.0137969329247545
38.04657116794285,4.687742560750237,0.3524481238715655,Normal,0.14898181216817458,-1.0389162839653872
58.6560819077081,-9.983854391882916,0.6577252418827442,Normal,-0.02985646037396572,-1.1451781556670295
46.95431920935511,3.01791899819466,0.5379363637806488,Normal,0.038180876289130694,-1.0545680247426907
55.56718810056963,7.660802783846902,0.1227555521955016,Normal,0.15370586613918108,-1.040392661694614
40.94022219926269,12.269332238843075,0.3162967511292953,Normal,0.134123892961714,-1.0384893158146624
47.664841469118805,-2.0367375017696587,0.2096374939492888,Normal,0.13769087272547548,-1.072648747440531
67.5167309248971,-8.779825867565611,0.4798413981078802,Normal,0.07670564501438004,-1.0544812546350342
53.8163126495182,-8.2688035403986,0.3009635475833737,Normal,0.13173590800867574,-1.0434549829728188
55.06403993112804,-2.264788919015268,0.2199846305514842,Normal,0.127506868019641,-1.071770813761473
43.82184550816299,3.673655068161781,0.4777410693154099,Normal,0.14370412663047388,-0.9973098541862185
42.6859066389126,9.135846262332494,0.4771332841901341,Normal,0.14355310979090918,-1.0126895417449948
43.51162718270569,-8.031789506803449,0.1301842498556632,Normal,0.15095569339201653,-0.9935361791293458
55.91678213567445,14.926885689595215,0.5303993887030928,Normal,0.045341955300229886,-1.1302328082817588
43.68523278769605,-2.711236010425688,0.0053680844501438,Normal,0.0957248605873735,-1.0808626119403524
81.13101197968157,-7.472116791478234,0.2907880033402039,Normal,0.06465925271318573,-1.0029077506146202
63.06687055147539,-24.242402602729417,0.2106468755553669,Normal,0.036236004227765184,-1.0488776042469719
45.10964701748238,8.840453963610496,0.2798311894927176,Normal,0.14088768370203747,-1.0612246321301233
68.01820883245918,7.368438970924334,0.1835147816056611,Normal,0.1269153572358404,-1.0322889210256858
43.87886940467673,-2.813275571182134,0.263223141157155,Normal,0.1547472813159717,-1.0165884790668707
19.428131972332192,0.6699071722487192,0.4200664284346135,Normal,0.036096803577804315,-1.074267826218035
34.87870533623894,5.159392177040995,0.2775424411487115,Normal,0.1539935354125646,-0.9995938594014386
21.938121184612164,-15.625458568865426,0.6236265478175447,Anomaly,-0.08995377099802915,-1.2844012669518914
44.72729773938037,-5.290526773462948,0.2746747326009883,Normal,0.16112839027016157,-0.9960304807945652
50.27627568784328,7.942646796218272,0.231175620516904,Normal,0.1627948488341781,-0.9665140096209364
54.90391060646244,2.935579321666293,0.4877031402753353,Normal,0.09657136481901973,-1.2014575422984057
46.71349206786704,-13.56581804623405,0.3857989395930342,Normal,0.12238366681493668,-1.0986156192840915
16.832970364881724,-0.3564148229748357,0.5795435339820293,Anomaly,-0.07585658436343079,-1.377545194126948
53.53421837162849,-16.151318159055094,0.4220781732681007,Normal,0.0363810272095747,-1.13080948318261
61.5629779083045,11.647393544571711,0.1076063974617847,Normal,0.07612476710701765,-1.2192809226045287
27.821206313302376,-7.345915767980492,0.3737010222714219,Normal,0.05854503125877558,-1.1377202979588987
67.15631064810394,-8.10252437014381,0.1374243088751497,Normal,0.11997845292697001,-1.0141916544223721
55.07744611241621,2.0056919723094286,0.5327875402080797,Normal,0.02063489163626897,-1.0499022152097899
43.77068129148798,11.486373494287152,0.5502437465751491,Normal,0.06281760756999233,-1.0519216270735812
59.491727991594274,-10.15821818978397,0.4527973205672552,Normal,0.12573125266418478,-0.9983753493696961
52.72799382587743,4.288165003305729,0.43911412045465,Normal,0.10675382473028988,-1.1722462753102831
53.72330879450504,6.93105607263144,0.0875528691864707,Normal,0.11234832759351948,-1.1593330967343756
43.109586506896335,1.7644155527722518,0.3025553098306243,Normal,0.10925169199362711,-1.1082070153705286
37.25233445802812,-3.6702783908332233,0.2269257426138339,Normal,0.12359519690232296,-1.1044381822899234
37.15874261136699,0.8614388304637476,0.0932182061227306,Normal,0.0463636497030393,-1.2448305956384598
51.073493558290885,-10.72139011985607,0.2918793276226026,Normal,0.062130396478316585,-1.2522307293544959
57.18469738619588,4.365598041576678,0.1930659500417276,Normal,0.06626654246842817,-1.238886465837513
55.00493157930423,9.039348410861953,0.3841686148129106,Normal,0.13961661780514678,-1.0698764193353925
65.56309916386849,-23.629324355418383,0.2900182703688738,Anomaly,-0.015389285391642304,-1.203135549979913
42.3497540171788,-10.097307047099376,0.1968536047865766,Normal,0.12948081982920417,-1.080369303064174
45.95187597059943,6.191542610051978,0.1316670998839262,Normal,0.1644145262875384,-1.0020924299764296
35.31854426326539,20.574954697116983,0.3457640572822913,Normal,0.059517711014817454,-1.0388960770330544
43.33560109885833,0.2079370767540789,0.3598740706896604,Normal,0.09854557051827373,-1.0125153309991186
55.65950739567278,-7.280029412291345,0.1697468754555758,Normal,0.15523721356897907,-0.9789173482123248
61.35482924968028,-1.8289644110484016,0.2072331187010375,Normal,0.1106670137173485,-1.056288101580753
36.167520137335615,13.748764191481849,0.2979050442506653,Normal,0.1111216548786832,-1.071933392936691
63.044088801584905,-6.459641791245353,0.1289923387541887,Normal,0.13152882284529388,-1.0415820070391164
70.33456788207427,-7.991920066502535,0.3257121702747576,Normal,0.10141239212461528,-0.9927977931746679
56.20152354835551,-4.827435221820324,0.1118397306988661,Normal,0.1468244517504364,-0.9771304531246117
78.151937188371,-9.533286082587123,0.1444000366475845,Normal,0.08275663383196713,-1.0494370231808694
38.39316201344641,1.2267031599479552,0.0072747047413066,Normal,0.06623722348123595,-1.177734506041738
31.330179450328743,16.246784584695607,0.1386391024045476,Normal,0.06735619162893963,-1.1247775615576336
23.31919626643582,3.23079273116029,0.0468492653975621,Normal,0.02316291065062448,-1.2662512016699472
72.44066467233775,-2.523535021262876,0.2007926074670787,Normal,0.0703779054022966,-1.181007293710398
59.81548484531086,-2.918112689155441,0.171549651533383,Normal,0.13100070481094633,-1.0876611019710025
49.16622993634317,-15.63190808696657,0.0517718433947907,Normal,0.043400833929942206,-1.269042445723708
54.1995293947973,8.83109777147159,0.2703666863748113,Normal,0.14644354042723862,-1.0236233730253628
33.11766429052435,-0.7783719701280203,0.5279243840181365,Normal,0.09638067315779819,-1.2010145144191793
51.64092191907339,2.987529083656862,0.3090567782564249,Normal,0.10886805489211976,-1.1695094930602465
60.88649935848038,-7.517910500951843,0.3527065663574891,Normal,0.1055862349838082,-1.093999844388454
57.2151384760507,-4.263575962055433,0.4035932605761921,Normal,0.13209733359099118,-1.0305476404490888
53.35826036418697,11.484457091967547,0.2144326153952465,Normal,0.13693443190007826,-1.0865436506715096
38.14288316832032,1.1327041053776443,0.340843697943177,Normal,0.12874326384593532,-1.0359621160869772
57.072025357039934,-14.382779783173667,0.4123610876195105,Normal,0.08145153248226372,-1.0540050865714412
70.18130069232467,-6.68144085538994,0.2929788735913856,Normal,0.11650602227552564,-0.9659826975671768
73.89779939959095,18.73297776217545,0.0392801631314842,Normal,0.02794814994742556,-1.1274233351008665
42.33176485353222,10.800480657146483,0.2232577531657585,Normal,0.16650874137973065,-0.9823656402689697
35.15592769612129,-4.473218956587512,0.3399068359357701,Normal,0.1496728454100224,-1.0465093942349346
48.11319619850528,12.81016361735113,0.1836811871877602,Normal,0.14375036974775535,-1.0054412149753722
66.41287277706422,8.527736751222195,0.0846273352675952,Normal,0.0789335671755082,-1.167148089896095
24.61303055427771,4.847328172944748,0.6434052833138456,Anomaly,-0.06799208054491745,-1.4078461587541369
72.9432547919092,-8.463566549908736,0.1797050604970441,Normal,0.0784977231431147,-1.143087012548865
30.650586503884192,20.62524919243145,0.1277686636684437,Normal,0.05187451825305345,-1.1064679903546535
30.57381841904576,-10.67532914254273,0.5111639862554721,Normal,0.10698229651280583,-1.104831797708456
44.96322951064808,0.2421945667275807,0.4087543521031224,Normal,0.10615070976403196,-1.0184613572051344
75.0353228793409,14.122205554154291,0.0406293571739403,Normal,0.020954568281788766,-1.09401643465597
46.10612972954593,-0.7964139124571514,0.4384009709406227,Normal,0.1141816980128405,-1.032548807905334
27.45285570322841,4.523717962497339,0.443526823896116,Normal,0.09377884501259959,-1.0180194084618184
46.31385403871084,-10.623935281468796,0.0359301954657492,Normal,0.10406064285945582,-1.064627410546631
45.90914645378494,4.2830709720764855,0.2599691586004318,Normal,0.1747352269814645,-0.9519296335136863
49.18557700223282,9.857299956798627,0.2090687028367796,Normal,0.16726365320951608,-0.9950187357686545
46.53598204686983,11.873860515647513,0.1851029330337154,Normal,0.15427863807932196,-0.9972559632100684
60.44309547220128,25.89563642018614,0.0718774848884441,Anomaly,-0.022910497140852026,-1.1727026138882488
77.73434142418017,5.796331732135757,0.3477245645641516,Normal,0.04546709530162629,-1.140969356177787
66.89847544321637,3.257963165821665,0.009063576455491,Anomaly,0.0309413553879756,-1.342318891786877
45.96666964167754,1.94384301577336,0.2707572855994038,Normal,0.1271100685496095,-1.0977926427268097
33.40211136887494,-3.531662928106884,0.2061700110820898,Normal,0.13907375958715268,-1.0296399081793757
88.60039704874791,3.384838434616912,0.2353892896590095,Normal,0.008965619711791661,-1.1531632272797012
50.88827651021733,-2.9540141013902943,0.3702785956345084,Normal,0.14183906414700392,-1.027712397423895
50.20893937869419,1.684609762696143,0.2074405177870787,Normal,0.1409725444881031,-1.0348677725154052
49.638123693349954,13.175975356079595,0.3320007548931362,Normal,0.13469255965966437,-1.0203151853322867
52.97127141151783,-10.065425652796412,0.243556441638126,Normal,0.14813071901073654,-0.9928363622304326
47.834593821140864,11.398785611290451,0.1829287440841703,Normal,0.1388577962880455,-1.1029736985714325
41.79711588139412,-1.1806852699107877,0.3712972710645472,Normal,0.10954776542209199,-1.2250834129697645
49.50870094676002,-21.218548990085942,0.3393430997282359,Normal,0.02177206432489942,-1.1274978615886817
41.84862843299352,-6.0782198709443245,0.016108664847518,Normal,0.07740007591901898,-1.3378074174280665
39.30731325984253,12.969945465611092,0.3700401819965376,Normal,0.10770809479078686,-1.2342812614114012
46.17534173868717,-9.993022322949107,0.0343769299801759,Normal,0.0827378478034605,-1.112631168735308
72.55989482874033,-5.047749212282175,0.4080696401915166,Normal,0.09902708548952821,-0.9971415170092355
66.37260277883692,5.467335682013793,0.6273568756267822,Anomaly,-0.034918784943597125,-1.1972531731101308
68.69127788746444,-2.389320991696944,0.1300031858657628,Normal,0.09142885675707013,-1.1149546691834404
18.89914651387776,-3.668244118146876,0.3683496292231811,Normal,0.02806090636217673,-1.143801542513312
44.85968608879477,-3.917581490438219,0.206817817322017,Normal,0.14134625820366598,-1.1309304096285178
44.428387010063126,-9.224101844985023,0.5017603426553671,Normal,0.12176514679191086,-1.0558294862111044
38.33274968613687,-3.223204692113399,0.6041340990775811,Anomaly,-0.009824892020571019,-1.291656251008709
33.34136231801257,12.171585208254964,0.0784681157824326,Normal,0.07017276690524094,-1.2747276655841924
76.28405665135435,15.213160519224513,0.2955945838392788,Anomaly,-0.030301700512942453,-1.3598659953398091
64.03517589721191,9.983108981479605,0.3684777016469394,Normal,0.06206885721013228,-1.312565165917071
69.07332642491238,-4.316203127180484,0.3931071563451981,Normal,0.09584381042171947,-1.0075704225479907
60.82508096064853,4.037300903366095,0.529186384271065,Normal,0.07451390315465511,-1.107395452974622
33.06422343174156,-0.2419560639091616,0.309965825922994,Normal,0.09881177922795015,-1.1563039451991783
60.66439952305237,2.8328787154614217,0.3411985011846298,Normal,0.07696230746106941,-1.1983856239487425
56.6639496722906,-2.589049737040773,0.3712930873250693,Normal,0.11417463137842909,-1.2016487213216582
44.58550751271381,5.866938014752748,0.2579043518687058,Normal,0.12400851123842938,-1.0860203691408903
67.38994705046372,-4.749036566225245,0.3284364233508817,Normal,0.08771726126172608,-1.0891496402663445
33.78405008600154,8.712972974572441,0.4197319573933808,Normal,0.15015370405107986,-1.0095144612357951
59.23903410416396,-13.459796802467483,0.1308413358403651,Normal,0.1410725034996264,-1.0059947985268232
47.22646795335516,1.7958178193959795,0.0662895919241261,Normal,0.13033181886919792,-0.9927338914390589
42.15915469221441,3.506300992735592,0.2660565893616861,Normal,0.17362735272673896,-0.9643702582968352
65.73513838755333,4.891871301476635,0.350135842218205,Normal,0.1239868344653351,-0.9880283787700617
39.43484464185861,6.393944895473439,0.5160959312188699,Normal,0.13475459951909513,-1.0281869114617832
28.873080554546604,11.096998419562231,0.1097055673936324,Normal,0.0794525318870351,-1.0439338106365226
75.44684552435058,-9.745293046706417,0.3531826886204156,Normal,0.06194351491522493,-1.0794081265780548
53.16526200803928,11.070806692869729,0.1339894239886682,Normal,0.12377010038967023,-1.1333141196465002
48.54930332194412,-1.2038116395359824,0.4067854267970843,Normal,0.12400195084664262,-1.0929258452477673
41.82621369786576,-21.726695460140363,0.1562944545151576,Normal,0.043122785641117156,-1.0476280154813045
55.987041715281066,8.474216771504215,0.2969583825824655,Normal,0.1473688641106149,-0.9933639996183719
49.43547946362728,-5.353281859539227,0.6434014985611503,Normal,0.004766568694320572,-1.0238798410518901
66.54952823024783,-0.9053328230416078,0.1421215032188128,Normal,0.06809560597979292,-1.1369535604059222
51.7134147299306,3.319803305690145,0.1669973574379021,Normal,0.14443676825200735,-1.0105074697648402
52.25452642192816,1.904996797790664,0.1296965514938699,Normal,0.12096176428091993,-1.023599794723864
44.54581681679216,7.094518171390395,0.1782872715496214,Normal,0.16804226847449194,-0.9961179152437651
54.61702653338089,5.131057981760828,0.1852647755965279,Normal,0.07887109064858483,-1.1498763058570547
52.56298157191912,-9.354387020445952,0.3011022743504107,Normal,0.141665134621067,-0.9846951219766786
47.24024995470981,10.859821161750322,0.2409796488551232,Normal,0.16556981568691503,-0.9865011999106434
50.2765089959809,-5.35963445114048,0.041859411542165,Normal,0.12475979419881528,-0.9980715998047133
55.21372558042506,8.080577982811452,0.649237693775418,Anomaly,-0.014064865842072005,-1.052302968234303
41.90360479535958,3.672873134013406,0.2810720906179367,Normal,0.1508881700982861,-1.0086980610164245
38.32542911896531,18.381836767951224,0.291342806988894,Normal,0.05293957306989505,-1.0921756297673653
52.93767882646522,-2.2346598237185216,0.5462926117906662,Normal,0.017799746338880595,-1.0583069016516633
35.32440833577452,-3.493167961181975,0.1896896141594287,Normal,0.14025213290838023,-1.0284053334687404
24.461245936432395,-3.0317978283427545,0.4392210898888791,Normal,0.09073970098174894,-1.0269095754829718
65.43733455988465,7.9994190194205,0.4636069255533359,Normal,0.11079932729742359,-1.0045970787322107
57.08896223619564,-16.16310608436588,0.2672577269945208,Normal,0.09478657254440215,-1.058674780999991
53.840446014708135,-10.53682419146354,0.2819303733536357,Normal,0.13926651791820693,-1.0012331173644728
64.74036475918271,-10.67802921579193,0.5692730228078995,Normal,0.0026848550986287023,-1.120938152145628
74.98211666693865,9.503075919735757,0.2236700886792262,Normal,0.09304043214203778,-1.0798444774653886
65.21555097527195,17.10613372581925,0.2306127131370367,Normal,0.05588590363323043,-1.0476808149547812
22.38688653002532,-1.0444921853747149,0.3531544202561912,Normal,0.0743194782887211,-1.0399524077008027
30.806345498964475,-1.6882172319001063,0.2321423637626224,Normal,0.13382355218593528,-1.099613664627262
40.62772133456482,0.7005216311318139,0.2384389992838884,Normal,0.11119622075111868,-1.117811141783855
50.3913657531625,11.618783026081903,0.3652633211887469,Normal,0.14036002638858225,-1.0074992263591531
57.76488530703685,-9.27353134190574,0.4133211757037022,Normal,0.14483695836677096,-0.9951390347821155
39.11384280269802,2.383689827347851,0.1412777499469272,Normal,0.15526481882670812,-0.9692989740922038
52.80150146715617,9.751976297824298,0.2789410612672031,Normal,0.1499046639217862,-0.9923991284280224
38.66925601470016,5.010941699398453,0.4770180100982217,Normal,0.13783000588778382,-1.0015693780037227
40.82723295512078,1.895816165987434,0.361797462056256,Normal,0.15318772680617315,-0.9728365572524302
29.724730915755,6.7787531953090765,0.1084600401928834,Normal,0.05749392569982725,-1.120650941247386
35.36190120534001,-6.540756831274238,0.2269082815991945,Normal,0.11764849146678957,-1.1209769145205237
65.80462694911759,-18.306328968564568,0.1505158120690105,Normal,0.007425408780453058,-1.2864842988866971
35.759016667520854,5.112025995249807,0.2945063340443908,Normal,0.12109079379127335,-1.105754016000926
57.39976851321334,-1.3744851462769183,0.137515606366752,Normal,0.12551953295743906,-1.0730580826608096
52.77254185542311,9.528745472029389,0.2643192931868108,Normal,0.15762012072178505,-1.0029839216533847
37.1246332972818,16.122782579886454,0.1667407609108073,Normal,0.07907890726191191,-1.0962884382696934
60.50464819113487,13.149144535840474,0.1287560645285387,Normal,0.09696977835733173,-1.1046433002424676
41.36543260643339,16.39964529371393,0.3268563949085386,Normal,0.06564283248230818,-1.0831440651552193
51.83014721968042,7.421274910718923,0.1157630763731219,Normal,0.10614103525295776,-1.1569080311274198
48.559101504130254,-16.019658118971684,0.3598383820137326,Normal,0.07787537797695648,-1.133390238852471
39.45235362311169,-8.432465953161918,0.2783028816737725,Normal,0.11742292749276723,-1.1554607168153224
49.47517264254557,21.70942717497814,0.6741949637316157,Anomaly,-0.07755606572617535,-1.3707540632878992
76.56200953453265,-1.758858124323366,0.0363521567719536,Anomaly,-2.796798684323587e-05,-1.2903115621485468
40.59549413318349,1.2320480678448569,0.2244943663861118,Normal,0.11238356637545827,-1.119711186067673
41.56299836158598,16.95051040430753,0.4031675737816288,Normal,0.09224384666628166,-1.0424926580322311
59.48611608583281,-6.22649361734452,0.5280499551515648,Normal,0.10391232069189094,-1.0063078654748927
64.58831674440094,1.9460745523724272,0.4599431294093182,Normal,0.07851000088259219,-1.0809567928463357
59.32714943325794,-7.424705856980482,0.3354609478388799,Normal,0.1546028823590601,-1.0049295613436997
26.446629201643155,-13.200225112207058,0.3901195855163728,Normal,0.0725654967047803,-1.082530653601225
39.09294236262697,-6.117690909052854,0.146522834165988,Normal,0.14523381058652518,-1.0425865405032533
46.28722046672743,-0.3703679704841202,0.2335832489837314,Normal,0.09646801099407865,-1.0400095876818836
48.88349856349931,-4.293022245172599,0.5355852061194166,Normal,0.05244269921180211,-0.9960753615285147
59.31008146326017,-6.92420979873856,0.5458906890817872,Normal,0.0471289458818952,-1.0017217642506773
52.66551501399881,-14.06317463671834,0.2932468966293928,Normal,0.07003973420783555,-1.0881046425643481
29.96983461934848,-0.8310557262869477,0.2606005376897788,Normal,0.0648853811704791,-1.307851780444285
55.70296776508945,-15.047203740310025,0.1461880744340576,Normal,0.08643169208404589,-1.0499779655043966
58.3968567189656,0.8243975293450329,0.0372062879087344,Anomaly,0.011645044704629015,-1.3408140540517504
66.21171088331933,-14.575514994649303,0.1526593567869029,Normal,0.024932681474815865,-1.2427356034233128
62.50883231823356,-3.0920907704986345,0.3290940172659267,Normal,0.09053292455508083,-1.1037063758898271
56.88770118842655,-7.521564055905832,0.3034090510352168,Normal,0.11229763159782202,-1.0952755296270884
48.94751432812029,3.191745104191805,0.2662427753170681,Normal,0.14183774493674306,-1.0398338327476837
56.44427328698879,-18.751724696457444,0.0672602468391794,Anomaly,0.0003751247085708176,-1.371143516610098
53.11531530744666,1.1502607914741716,0.5421148900980919,Anomaly,-0.041041083061979844,-1.502411081651818
33.784151893876064,2.1319662823768915,0.5754859263203815,Normal,0.04265671533822224,-1.0639861183167996
65.79729279999356,-7.519693317388191,0.425088965795164,Normal,0.12283271539114876,-0.9884179941302909
49.406672692150174,-3.1905393566661817,0.6034669008975112,Normal,0.028859629765439654,-1.005008889065495
60.22251046058936,-7.96025856803489,0.1644219334624456,Normal,0.13117235002557515,-1.0204381731397745
50.42477564195692,10.760071385985984,0.2086997984846618,Normal,0.15733944634941288,-0.9735223481011342
64.07425708963997,19.011906857530075,0.2507684502300168,Normal,0.049660229767652386,-1.0669722832237027
42.25932907673939,-0.6066081381462077,0.1370134808200557,Normal,0.12413396500523288,-1.0391513551217209
51.44181165411475,-7.084067669104628,0.6245064211462499,Normal,0.0008843712954319516,-1.0518636914095727
43.06587066942436,-15.137143926128273,0.1918120554231408,Normal,0.09466287043507188,-1.0858104478532784
43.48255658851527,-18.03139676255945,0.2992083215716564,Normal,0.06255007449196948,-1.0515041443040032
45.36241814797041,-15.841359430054895,0.2684891592856488,Normal,0.054995911079256055,-1.1131816978172921
53.33200657450569,2.671266510114834,0.3144923311622377,Normal,0.09666038514002778,-1.2367225790127039
42.81877067504784,5.087250232299338,0.1663592123039952,Normal,0.12617576201383301,-1.090034492388288
68.83634188360281,-15.811907020321334,0.0351797807993616,Anomaly,0.005611259309735828,-1.2702731715780724
36.58089046670744,8.950383140761154,0.3458810311827689,Normal,0.1485373710690786,-1.0357133915372638
47.196925337579614,-4.830610516834395,0.3484719423435887,Normal,0.16028575560833308,-0.9737051849732831
43.40403412588738,1.4679301198554937,0.0821410524437903,Normal,0.12864158392901204,-1.0168718447408696
71.704668265306,16.122206282554245,0.2157152675400865,Normal,0.0615798213835142,-1.0639673546601014
52.94832164767362,8.968393158655319,0.0826929715789661,Normal,0.1341266533655867,-1.0249918219713692
65.47766809202952,-2.685306479058323,0.4167176195864318,Normal,0.09941618984332828,-1.0223762333395043
27.71659440444542,-8.911922254152874,0.0879826518620379,Normal,0.07263327329670455,-1.0865352490569549
54.00575398803888,-21.51815401329305,0.3530655050389947,Normal,0.04201470569709853,-1.0832693912206108
63.34446193435156,-7.191533192424201,0.3824165633481318,Normal,0.1237167913867625,-1.0087923949813167
51.23425983913136,-2.111302388276944,0.2537913909739236,Normal,0.12565944652668726,-1.110661113790312
65.98220562598027,-9.87179527151184,0.6066784600310963,Anomaly,-0.022970662074447867,-1.1964340480847822
42.24067324849442,-1.3125696709230472,0.0192937738730104,Normal,0.07456896004205915,-1.2296687333843646
71.1402116027837,0.7685188295876821,0.4187109793560707,Normal,0.030084414006809057,-1.184077008749243
84.48347185428875,-2.248559818080785,0.3403779918999732,Normal,0.0071141092483335555,-1.2260190696364694
44.55742159340512,-6.500025808234597,0.4848744923943458,Normal,0.13849921161977957,-1.011821063964776
43.31746217898842,1.6865467196672768,0.6146509543014494,Normal,0.011007815832253076,-1.0540651846369193
71.80076715676552,4.419406495694091,0.2824454269661741,Normal,0.10426738906066091,-1.0077005557126517
73.69358218596068,-10.90399077442846,0.2387302641737978,Normal,0.09933787302653879,-1.010095858242693
42.15709959270097,14.1093237974627,0.5366935287842728,Normal,0.021955262614490323,-1.1201539467465589
43.69719774356214,-0.9858813228426172,0.1688247678961725,Normal,0.14866375974044416,-1.0196692039491357
45.7732308670924,0.1884962294484766,0.421936365707615,Normal,0.09691723819036413,-1.027148697423369
29.83324233448585,7.082144232565572,0.3264952020942179,Normal,0.11487797494608831,-1.0090910198490344
36.22022080273703,2.3321613126350167,0.5665498107719812,Normal,0.030164603530918654,-1.084628259795077
34.93788849871898,9.53136633913245,0.0714647231169887,Normal,0.12700834969370156,-1.0554893770809133
38.48303652343808,2.871241652018242,0.0615173784812161,Normal,0.13181316579337676,-1.0443845755173398
49.47972668919828,-6.124373746404379,0.2076698374564722,Normal,0.15549466034103027,-0.9800975394813912
53.51322098804781,3.615035252061016,0.2782064907807531,Normal,0.15330559026990964,-0.9836555536317666
73.25750739221115,-11.437262073206618,0.3876273011228858,Normal,0.08877025831968627,-0.9950397215718132
35.024689388918134,1.0855970577652314,0.1373216656197788,Normal,0.1348081571886695,-1.0527549952548554
49.25804435521351,-1.2853751143893075,0.2031766354464596,Normal,0.13466943681924626,-1.0599826360924263
60.122292382499054,-18.81849045497639,0.4636886218919929,Normal,0.006121854474991362,-1.1574852592071372
55.73614619276076,0.9284490114111472,0.2282859972837796,Normal,0.06903580122228709,-1.2454950804838596
52.49678312319584,1.5985639199740036,0.0895402876167993,Normal,0.09981302254507618,-1.159285964670048
57.38676896012224,-10.276751409259582,0.6489173234820785,Normal,-0.02758120101898054,-1.20130156252825
54.33752965861727,12.657078408647006,0.1862663953948181,Normal,0.1363359465812944,-1.1269532292594104
86.82950209866341,-8.661748482145008,0.0698407908609659,Normal,0.02785558356668505,-1.2007269179811495
40.43390023623026,9.694572005267368,0.5452485679678547,Normal,0.06578140059267562,-1.0609724762428343
42.035045674972736,4.271943618716849,0.2076662094351377,Normal,0.16727189248792368,-1.0129646740244147
40.65289210362853,-6.462273098438031,0.5846635252330284,Normal,0.05208562098110836,-1.0675652760592576
41.66784321259618,17.75310892609512,0.3427464554989851,Normal,0.08469855906777624,-1.048378795138278
40.43919309040224,-11.9363683175648,0.2874598806858754,Normal,0.10778489538065533,-1.2510177025299145
67.83524796661328,9.191541736100016,0.4203342219883422,Normal,0.10948605262127037,-1.0085219402465442
71.30756371984782,10.005823180429784,0.1573953936322566,Normal,0.12369514096934714,-1.0117901667575977
41.438805593757856,-6.706202090766449,0.1947627208764054,Normal,0.16553978674349268,-0.9738215554629168
37.51466640343657,13.924653000643287,0.3006972383626088,Normal,0.08878897449986917,-1.061805247963244
57.07123334579606,-2.500465145989528,0.4172779037586532,Normal,0.1331707971358802,-1.0195450697568373
41.71665433578544,2.8869362927985702,0.2790986568941944,Normal,0.16497266715185838,-0.9691958830318846
59.49397726633266,2.6032183877122077,0.0443776722567452,Normal,0.1108165818904498,-1.0308067289855882
53.0438453127695,-1.343087414705478,0.3086928661865369,Normal,0.13068829219482242,-1.006603544233971
27.26383827504152,8.108082731597822,0.219881376825846,Normal,0.10608671253648039,-1.0238560137837753
73.21257801995093,7.93488720552213,0.2779642391875149,Normal,0.09663561435449208,-0.9956100992730654
76.93816509643283,-17.485319732381807,0.2480281170281066,Normal,0.02387236966877082,-1.146514610869693
40.80816964273421,13.043402428781526,0.2439313657508924,Normal,0.13480090918559978,-1.0359148589339247
44.18447660096024,-16.624919880356742,0.2866906866599779,Normal,0.076697278057335,-1.1083009666547934
54.28798086087357,10.325462043416572,0.4567759031414876,Normal,0.13621348765193225,-1.038145578338721
55.01685184980538,11.267051368275832,0.1157562816214142,Normal,0.15463191136753934,-0.9994688083112473
59.87816409009245,-10.909664302151985,0.213322736526893,Normal,0.1480944252409327,-0.9930245300376297
80.15306808149525,-4.108142879545848,0.1090091937105044,Normal,0.06965712694835524,-1.1020661451739024
47.34579158758926,-11.057046684859358,0.2070014398483526,Normal,0.15753647204509041,-0.9830966293342451
38.02554133192319,-2.149210302887353,0.2785689011441034,Normal,0.14250409295531696,-1.0385062107851937
29.31021157978209,7.847203484032576,0.1169248202694525,Normal,0.06633541320299996,-1.0856466126026985
39.036049400871214,7.796605322693399,0.3154914298561662,Normal,0.14620448962921778,-1.0321049806282883
49.503095406893046,13.103087461196084,0.3162212044643837,Normal,0.12691326252107743,-1.0408625665054871
76.91836795276681,13.95683810789956,0.1342272569730383,Normal,0.022810443099193778,-1.1369057585014466
42.23583051445743,-5.621680265783021,0.2230419324819254,Normal,0.15010437548920075,-1.042604629615926
53.35681927458348,-2.0922187374452776,0.0438557121826686,Normal,0.09617392842376071,-1.0454583680992628
49.75365655890872,-16.834381922209502,0.1366266134402893,Normal,0.08537644682241419,-1.0890901109451
67.82589910172126,-8.058700664961888,0.1935168773138802,Normal,0.10744974404737312,-1.0443349682806358
87.90398638810433,9.648516330974577,0.1753686069103065,Normal,0.019101216105093632,-1.2346977827647416
42.03696840619519,16.155828235482318,0.0591002363645108,Normal,0.05301753248645302,-1.2903575437103552
42.658408362226666,-12.34348871879922,0.102480724503695,Normal,0.10084982365988393,-1.1979797959311902
65.66241315603608,-5.924642591528943,0.222156038083459,Normal,0.12026346532038801,-1.022449333291076
77.7006098860405,2.801611588196068,0.4009126906691318,Normal,0.06011768398786149,-1.0550769644345532
58.75892277988946,-8.09603519921646,0.2714066205793128,Normal,0.15228493485477168,-0.9805134158249661
44.6106186381941,4.240610444640897,0.3617181034467838,Normal,0.16864296705935305,-0.9615999037978291
58.85982246038464,-4.738393470709161,0.525270632394125,Normal,0.10912881238595312,-0.9678128070521537
62.30723271796046,5.462842480036995,0.5416592873103925,Normal,0.020831076069471877,-1.0365090753629422
66.00012034383731,-4.363858905265686,0.4574049041565562,Normal,0.08612560299373317,-1.0366923239678734
67.5394338566851,-1.0960980392583084,0.1011305381612302,Normal,0.06500597461860264,-1.2287021846273918
70.7323848655629,-0.8836295920533532,0.1982753755768706,Normal,0.06125066420445713,-1.185221235325681
59.73064831384464,-3.700110298821277,0.4417852325659172,Normal,0.11758185525837372,-1.060893428619892
47.493228795247184,-2.587960626671024,0.2546060207547748,Normal,0.16234727042218583,-0.9742600748594082
52.20070529649984,15.986471705047167,0.2312102468628392,Normal,0.0909485572578298,-1.0389436092781834
68.09763449762535,5.609194479412388,0.5268198911496275,Normal,0.07543844101805541,-1.0400071939012645
37.74596493519146,-2.9548031802916035,0.2333083074794686,Normal,0.16452743093172473,-0.9773643474886049
55.53009963309352,6.969544045107357,0.3111569513424558,Normal,0.1505714484979606,-0.9733971426468593
44.09991781508959,-3.3381948975601,0.524666091044456,Normal,0.12672884157530473,-1.0044390575831472
50.431172344022265,11.731246375866412,0.559748196328072,Normal,0.04388387512391656,-1.0553861305022558
69.17677793910948,3.696421921980939,0.1300053351389738,Normal,0.11867835665488652,-1.0592327821570076
52.86648602029855,-1.0730214400422888,0.2266906582078569,Normal,0.13644790250408856,-1.0097118531940776
50.69654822234223,4.477169258102776,0.3942268652361111,Normal,0.1566694476263487,-0.965303885895661
29.60215788530121,-25.588591444524027,0.5965756479476296,Anomaly,-0.09239346440700746,-1.3785797772010058
61.19380349040832,-11.267674689098053,0.1326139166973097,Normal,0.10652974146793126,-1.0440333402190054
59.68226271711613,-11.939250063990556,0.4025938354059749,Normal,0.10899609082231176,-1.0547287748498821
82.4488208495819,1.4294309476370677,0.2385560875537755,Normal,-0.00013989939941527751,-1.23527911532985
45.38332647570499,17.325149994850918,0.5207941326840836,Normal,0.048874224993450954,-1.223050783429079
53.287254914959085,22.313001461926323,0.1449592859170052,Normal,0.0680975364277297,-1.0251034409024213
73.66179919645211,5.008444749444569,0.3911389771858987,Normal,0.07343267164701639,-1.0578592257597612
48.57056701419572,-18.01057734152739,0.2129687461813435,Normal,0.07095184974184643,-1.062739544717014
52.79913684734537,-6.20847598251116,0.2538970213381382,Normal,0.14767713068479182,-1.0071311184219505
43.30349578174208,-1.6814381858478962,0.0499665015511726,Normal,0.09166097798783063,-1.1429159757836946
52.911349893474615,-4.720905776971273,0.5390471040258038,Normal,0.03677819677215066,-1.0157667077111738
66.10447624789659,-19.79299810375788,0.2180087472010178,Normal,0.03467788384243253,-1.0594595410443142
34.602270508834096,7.479102561175338,0.5118208698936791,Normal,0.12503467735595325,-1.056458874257024
39.4981877759124,2.3924686411114955,0.5445112071782316,Normal,0.030333135089160246,-1.1437577538107155
67.92569943387264,20.74082669749973,0.0214245608595134,Anomaly,-0.011907368261301454,-1.2202874681839346
27.15219642824338,-9.193845915864234,0.3039361586250159,Normal,0.056771903070132246,-1.12190721382801
41.61617229092617,-25.302875227463296,0.6520465348706161,Anomaly,-0.09057632999160858,-1.3706593322261729
73.4828604385151,11.00959634998571,0.2987765014304245,Normal,0.04077507923308643,-1.1943697397697688
49.01374608390518,19.583474542205938,0.0944285191880252,Normal,0.05070145304730822,-1.2122414111719806
41.67200709960203,-12.295495944524168,0.6359035595895273,Normal,-0.008965033544103829,-1.1444720665607868
78.21735604160885,4.966992232365217,0.218216060880933,Normal,0.0704788279993232,-1.1069172707864279
17.017910650698774,-1.0594835430413565,0.2607079261211888,Normal,0.02301429320763304,-1.2047116464364263
56.60021675079999,26.443433470170348,0.4224273898295277,Anomaly,-0.010661271833965036,-1.2853360285240154
42.46918663471083,-15.029703283951532,0.1708292652455827,Normal,0.0684552680847979,-1.2558151565489082
34.681507743039305,2.5373966149457345,0.2565863199801682,Normal,0.14286274497431872,-1.1402973688357962
60.6253467094903,4.676931717654332,0.2651574433650202,Normal,0.13229482866330694,-0.9899931015260381
53.65701070656798,10.857863249393471,0.0606906527030963,Normal,0.12813059587770398,-1.023376215341609
41.53882053894908,0.9798315347089545,0.039814195396608,Normal,0.08104530186231051,-1.1078356218575995
30.795434019936582,3.0805053950410235,0.3354249355384948,Normal,0.1387933801604876,-1.0345871353600407
63.08685992420217,-3.916485674217911,0.0461089888225419,Normal,0.08968781611565158,-1.0889240722754976
59.75301766937992,2.691269412451073,0.2287694724603981,Normal,0.14748622965467562,-1.0254660529016746
48.51236204330926,-3.4319227549741047,0.1277417962707742,Normal,0.15001011333073966,-0.968630401751984
77.69955494071499,6.2157188985605085,0.2880155464028137,Normal,0.07141817428974195,-1.011308405038485
33.94872850510771,-3.69610336043634,0.4148286839675102,Normal,0.14611480127104315,-1.0069578829870227
27.11712243612892,3.7710039390218646,0.412519320532224,Normal,0.09793364044729858,-1.0097197760498475
39.62137895178133,-0.2926281368497835,0.323821357478851,Normal,0.11153299578679171,-1.0424085351348453
49.31620975466753,11.260502507721682,0.3135370593176542,Normal,0.1493096115743609,-1.0102379971390125
53.65009173984038,-0.5139372358848624,0.4400307639755862,Normal,0.08949786502450985,-1.0244580760584396
46.38145913215505,-17.730324682068815,0.3212658186958191,Normal,0.08806843505655321,-1.0650841663218997
55.28083094771445,12.619215007139918,0.1806338066103014,Normal,0.15065297544289052,-1.0290621428383093
31.22690863714334,-9.05732300862619,0.0457018456944586,Normal,0.09672154115841802,-1.1012464231503327
71.65646906109889,-6.537663386488198,0.4856923468537112,Normal,0.09089483046647129,-1.0234969689117974
48.76773232411147,-5.956612940434921,0.6518362739185918,Normal,0.008291138596238534,-1.0327016680489662
66.75943747382192,13.744380931708172,0.1931495515179559,Normal,0.11172949480862793,-1.0538838146143787
55.14088019566556,-21.35674213978696,0.2060511373929203,Normal,0.050550789487764924,-1.0329123261383504
58.546509203483055,10.560568090660515,0.2056788360416841,Normal,0.13818090010529904,-1.0390745961767378
56.715628400259725,2.2323891412915966,0.2510978723204844,Normal,0.10374289286133187,-1.199897223489398
59.64084139801316,-0.5489400061628639,0.1370851451511426,Anomaly,0.055636888530817386,-1.267515022274499
69.93728795198646,2.855540748576569,0.1302740052424783,Normal,0.0582602809080196,-1.3091356348614416
77.01410649366224,-1.512732836535117,0.4539745004458399,Normal,0.029519149377867593,-1.223440034330899
49.39763074033485,-1.9490828035268104,0.1423233410525008,Normal,0.15163902976149451,-0.9719537428044942
28.53837346822928,11.337700968670646,0.2414851680834714,Normal,0.09606609580609843,-1.0197898755702632
51.92156622366184,5.9355672228086185,0.3340622499196559,Normal,0.153887001625516,-0.9864903754992984
40.210640310464136,1.9473619471877488,0.1851448303269187,Normal,0.13201689444235265,-1.1625018043354847
43.307248501778304,-0.1870875644589741,0.2459328891129591,Anomaly,0.07599818192617652,-1.2706253111843542
21.656889035817034,-3.8851845308888575,0.4382524363063503,Normal,0.03269071246257338,-1.1849474437585605
43.21540521126385,11.241127199860134,0.3490695177338801,Normal,0.12311070658396256,-1.1572845201184228
13.64181010056565,9.47526462122858,0.1179709153070001,Normal,0.017454139177007555,-1.1110777556537443
26.24145764771415,-7.728776678236091,0.5547513375151625,Normal,0.004336438793892006,-1.1170349087636695
61.40621984216446,4.070522871245351,0.0767737722612153,Normal,0.11686720728785394,-1.0814932328535576
56.38186342677447,-13.796181647889306,0.367693437855412,Normal,0.03954923484995365,-1.245991492152832
35.495357853061805,-6.267172245899651,0.0813391209937486,Normal,0.0830726915960992,-1.2193124588128856
49.2843296578703,8.623934723827588,0.4555342931594334,Normal,0.11822750716554198,-1.1552246770266876
49.94596191364148,9.531250453760869,0.3740042746314323,Normal,0.133555404938766,-1.1175650640263755
32.624529662111854,5.13085420097293,0.3403905931809979,Normal,0.15048266568265434,-0.9981883150315187
72.55097452650726,7.250957868479971,0.1467751624799286,Normal,0.11419661093123468,-1.0075350690876097
63.16043435863507,5.161782871149584,0.2673100010642549,Normal,0.13126433491770495,-1.0007827242687906
46.68553739255504,-6.414815952229523,0.1604547427402467,Normal,0.1644529647103477,-0.9761712823947422
50.40328758491796,4.319225446739407,0.3050549186050553,Normal,0.14538652334521346,-0.9880622429562587
53.125742119213285,8.004095252276823,0.1038975524369371,Normal,0.1382006926338346,-0.9930255460731356
19.37397697363564,7.542913298135742,0.5856177790771253,Normal,-0.021992196345800186,-1.2020832067333926
46.29233926219105,11.889133714746428,0.2827729283194933,Normal,0.14665170759738688,-0.9917718175767958
34.975699851576266,3.514482075415829,0.3559589768372399,Normal,0.11120229549242838,-1.1980675329749353
45.78349560671067,10.701502383164277,0.5734595733853664,Normal,0.00025171188158923385,-1.267044851355435
59.61264291900515,-8.818746512277178,0.4138082018946277,Normal,0.09605201794209894,-1.1670962973342762
41.432315153258045,-1.6306696394376388,0.2933154218576188,Normal,0.14413843314457958,-1.0350081611005357
58.58874172034238,-7.44902644806449,0.2420795674080818,Normal,0.16427749849001622,-0.9849318666360058
