pc_speed,pc_steering,pc_brake
57.450712295168486,13.993554365860021,0.1770236095385294
47.92603548243223,9.246336829127689,0.041466975212824844
59.715328071510385,0.5963036992017413,0.2761974130074415
72.84544784612038,-6.469367777055739,0.09425356031693806
46.48769937914996,6.982233136135899,0.4118445340829866
46.487945645762295,3.9348538542174962,0.5157009792685964
73.68819223261087,8.951932200277323,0.6342283268293691
61.51152093729363,6.351718016819695,0.27170217319000567
42.95788421097572,10.49552715319335,0.16115555595365097
58.13840065378947,-5.3523521156056795,0.3019616530585536
43.04873460781307,13.173940656343257,0.24747616586330073
43.01405369644615,1.9759960469239966,0.2773672197869529
53.629434073490515,20.752608726252653,0.47222499596045936
21.300796330133032,-6.891878180895679,0.21903951367592533
24.126232512304508,17.359638031652494,0.25130404126245265
41.56568706138541,1.9791078346264779,0.13449891422559376
34.80753319498364,-6.5141800361444835,0.2575375190463321
54.71370998892911,-4.838858340543216,0.5758311543371692
36.37963886718184,-3.203473081943202,0.17478898807467766
28.815444479970626,4.241659464019164,0.4404393990716352
71.98473153382331,5.228354880354996,0.23996872315505707
46.61335549270196,-5.73700003938579,0.4457504855829945
51.012923070318855,-0.2435459226098284,0.41814573239418396
28.628777206798148,21.422703586118637,0.12477872464880943
41.834259132122256,17.275431701007115,0.4135696874278296
51.663838845647994,4.363236696740321,0.8591505669240659
32.73509633866546,0.3800347816820029,0.10238495285184403
55.63547027518508,1.200313267182613,0.22850508874050057
40.99041965121793,6.135179727304166,0.5466614162505907
45.62459375310085,-10.227925651984055,0.35108503224370974
40.97440081655905,-2.573765374233451,0.13941057604626686
77.78417276763406,-16.685840738775894,0.05369951548994858
49.79754162893099,3.992231226052793,0.3806987361056626
34.13433606566149,6.47195939702741,0.8393377116462426
62.338173681547836,-4.83186462299374,0.3066911814390244
31.687345250434667,15.739867632900328,0.34303308364673246
53.132953925071334,-12.257656630023412,0.47611454437072104
20.604948141803366,-14.643748802098202,0.2554704259647891
30.077209266523543,2.2445181855997203,0.5012006017832084
52.952918538036855,10.470983026121544,0.15400666296079904
61.07699869993115,16.839276914578686,0.06323234040516468
52.57052421784956,-4.588842628689401,0.44834545888275384
48.265275764176394,10.786808334312957,0.10997586339778063
45.48344456616067,-0.3850846950070721,0.29980310270744265
27.822170144488588,-1.7262729994081962,0.5363077304756033
39.20233687407937,8.836599374866724,0.06705426999363957
43.09041843560319,6.523228784134196,0.3373425781481131
65.85683339328374,-15.763921569842495,0.06163751556213369
55.15427434352692,14.765403497258959,0.2669105924136806
23.55439766955899,13.800913541474515,0.014681933127792124
54.86125954092192,-6.255627015095294,0.09291290127017372
44.22376579375525,3.9580353343740904,0.16208459011388984
39.84616999541062,4.940301862827388,0.05558771864927384
59.175144332613016,2.606737658239071,0.3628731421368042
65.46499283743927,-5.503051538454201,0.32618555306964203
63.96920178674298,-6.716233679380515,0.5516768599767246
37.41173715166042,-0.25554070991445277,0.10991865606237472
45.36181436223178,-33.05242667021708,0.21718481039517945
54.96895147105346,5.436001545944324,0.07822097883115157
64.63317690683539,-3.7061433208610595,0.1767688055025618
42.81238643232065,7.716987106483447,0.5954379734962468
47.215115350042744,-28.485426206300755,0.39717268660938093
33.40497538990958,11.487657003721035,0.1055672064555032
32.05690063878994,-17.397137787780995,0.031185910555505757
62.18788733591297,-3.6244094140313217,0.027957961979081927
70.34360042856234,-11.196698946261439,0.36797659433535934
48.91984817629499,-12.946814757209058,0.159129571300425
65.05299346838036,11.608267873785195,0.7380869638355531
55.424540375714514,-4.6770120131189135,0.24369917696780016
40.323203680923136,3.465038817307158,0.17097774059130702
55.42093408262621,-0.4692057887918407,0.08072398199878913
73.07054849698955,4.770408272231215,0.4477791997522805
49.46260941335073,0.7682189106025537,0.19735165471552502
73.4696548372101,-12.829922241885697,0.26147296955370153
10.703823438653835,9.9626681944714,0.2791904822094437
62.32853756562836,-4.937565831613125,0.24924642287697085
51.30570602357257,-15.56581898659751,0.38880045320267814
45.51488974301199,-4.281151609659125,0.08983097773481848
51.37641164803254,15.007597906343108,0.2393537041475697
20.186466280986608,8.50221742113493,0.20045204994057464
46.70492168243732,-3.486521344078592,0.40099694375353145
55.3566885726762,-3.492577043184288,0.4674355152035755
72.16841067112274,-3.2163505121738263,0.12791579245418194
42.22594672589529,20.76747983560841,0.40373494198452503
37.87259595660218,3.8193545223155336,0.08948655761560051
42.47364434623195,4.3004164719106965,0.24781566399063273
63.731031765531114,10.302834540318422,0.26449203451846
54.93126664489527,2.387891590265135,0.4549932251283338
42.05359694349442,-2.590421458207031,0.38950793387251037
57.699011496700344,-1.9634984908497826,0.09718177285658083
51.456163240220604,-0.7160125941406394,0.3828986050331805
64.52967485799334,-0.3722223650984159,0.297838427885603
39.469203591839715,7.276295436369798,0.5903979088514874
45.085067801033475,0.5194588580729943,0.17609833187507087
44.118377703017636,7.326400772155792,0.2144134952920709
28.04727577801822,-0.8071658010858231,0.6204682337798468
54.44180415596864,0.7863519031609059,0.48723314496000425
53.91582908269834,-19.982006845321077,0.09620692451496077
50.07670184963691,9.163276747024815,0.24965580347196684
46.481192999372794,3.464884758979927,0.34123779909224605
28.769438869243785,9.980101098596522,0.4009150563139554
122.7830410776546,-28.962553781936894,0.11793590761943248
44.85928225209846,20.883747047807276,0.5572754113921149
37.96584096167572,-1.3958962815517375,0.06294278801876782
47.580714325009865,11.081828167375164,0.12295220654768162
56.060762852218076,-10.39905927125531,0.5302969759506505
78.29278851815795,6.127739050625697,0.2709993961105075
52.61866719247759,-10.534155631736562,0.27708902751884185
53.86325586084146,-6.237689606958051,0.301184192228817
48.883311263507494,19.14031353866786,0.14014940155761468
21.21843177051438,-1.9068240076334657,0.07373378490111673
49.602291868261744,2.1743287317972286,0.32915651051709327
50.9034531491154,8.700677306887542,0.359768584824016
86.94863168727929,4.956818879726047,0.30977747327024047
47.114585528283165,1.5041890514357643,0.18035041428788406
54.523210135004184,3.6496100246622545,0.11049325801614986
49.47932345442135,24.03415585238275,0.2268526189451653
32.46982943570702,-0.5761879703358539,0.6389059701703222
141.6081226864559,2.010990467149675,0.24313915351568324
61.27899549030161,10.50654396007612,0.21596804604807857
61.865479205645705,11.055259329579838,0.24855717435847977
36.35918817807892,11.870303055603802,0.23747045971287373
71.04191466404149,6.387302220291846,0.5319284493276698
28.972234058115788,-11.430049127304835,0.39043892434622446
58.80285640700406,16.33431532301096,0.16973758904288572
82.85683438714968,-11.46345393018688,0.204026175015018
35.14195512303968,3.0263546523903324,0.25492632671059895
41.50553405595842,-7.542758500193579,0.28906082696293733
51.49477047631462,-0.6413834659299255,0.14078969013769074
42.44786518825701,3.287624103034804,0.18846863488275697
26.74004853400801,3.2135721545027307,0.5651992012277928
51.02844462209041,4.219207542352848,0.5441384134079766
34.06544429410843,16.13711269058647,0.8988023341198611
57.10388645952772,4.535343015139798,0.1937947313120766
36.20863648649295,-2.441566352906487,0.39173659785710696
73.24901607526309,9.640871682883573,0.0549042835324885
38.251200614956446,11.894704889246405,0.513200034727355
45.16907725691487,-12.276078151369925,0.16801384883050952
62.202758260545046,5.97400069849858,0.34984513829632496
119.15346848632534,7.011727423108983,0.06470899156806993
53.41189901906194,-2.9756350335999193,0.3992098512519557
69.60714131423643,13.757068133116196,0.3602074853627584
25.88775148158159,-1.5005558703252673,0.3368158164406375
52.769507877984566,1.2557645347154225,0.12566751557557146
53.89824191372635,-1.730718242838696,0.18674564305294103
61.72734307665966,0.15579047581467534,0.3090542956810058
31.445739336828773,-10.962750868952018,0.16110471655100672
30.193150803735854,-14.400508825942943,0.15601939383489905
57.829123484253465,15.945050632249721,0.4891720840330514
54.45477009849779,-8.469613483183277,0.0405952160464261
53.75739275518815,-9.913923494563072,0.5013100171730703
55.19672314245464,-21.533901136037148,0.125480123667906
39.79962917632264,-6.3896174768950225,0.37832624698778555
53.48380545741505,-13.230897934074983,0.32221290371486117
54.39608709948022,16.420151601363692,0.12136225357209524
39.28472872960448,10.098170893426342,0.16476671994108208
77.98661766717134,-6.881503451777238,0.42106902306580285
57.10749381367681,22.524358053443088,0.22306564310409913
32.13044754196027,9.817654869915943,0.7475416808203147
59.84830412950745,-3.2483138350862246,0.17653263115212867
35.379774946590175,-24.99405714873573,0.16939987569774237
61.806269056136784,22.90942572590742,0.10123676310915995
67.37893368511106,-13.89572466763596,0.15521976788527783
37.68976522472434,-16.45398746956892,0.2516719879928031
64.45064193866483,10.225704320096403,0.6988438963940432
56.191713904047475,24.39752406339273,0.16287619472878653
62.33090239991735,13.842728185105182,0.03586107451957101
78.4518947398092,5.6390912005235965,0.18689261626561332
46.31917825995694,5.947543416652859,0.28021975907890234
38.693957534637654,8.534155587803077,0.5039853388745347
36.65728355561715,7.589285897867652,0.2905356993774629
37.762845725518424,2.811914239693758,0.21370325400439458
48.843474358788434,1.0420110395187607,0.17420404077010232
55.117279622249654,-0.6259312789952242,0.39919600736253635
54.150361989950284,-7.5396458886667626,0.2659319496638474
62.40774873554036,-2.8067507686677406,0.4020401338219225
50.19502837816861,-16.929568141953855,0.1054043592980552
71.80301115735975,-0.9833962679474989,0.18962207868009487
46.03014750143066,-9.885911071509174,0.3548328182831716
90.80253749884429,-11.03589317215771,0.07851743073924757
59.385010216475095,1.7989415115347844,0.12350488995470801
37.14263665375576,13.920022863445993,0.24137784545030638
33.93661252908332,9.18316606002313,0.4688543103047804
57.23708622864778,-15.70500603623177,0.5491671814360513
46.64805822011223,-9.896281365703375,0.13208665662881736
60.71000741138138,9.407711879882159,0.29893631402013454
57.09856436860317,-9.824873935383096,0.5146805029932751
48.90756631014691,-2.246331499970246,0.40089713682600786
37.29809422897392,5.500520990245519,0.2842255949831302
27.277291629712032,-9.683444548636352,0.31754411011338207
43.302275718994686,1.053755061459599,0.13848346987034896
62.84598191485209,-13.340254949182045,0.20097123645401038
53.21140616195306,-6.013676439512137,0.24188964316220724
31.31391831932018,3.1978193414253697,0.2295611941890383
52.59771388776773,-15.929937335316692,0.2156860757163646
55.77976069593255,4.4047473796039895,0.12310958018220286
36.74213845698301,-0.19637798926681216,0.5160624858560737
52.305876589182915,5.524899544171477,0.2623139249573352
50.87313077669,2.239141340646614,0.2309942687514944
32.85544553254066,13.641404299738442,0.09595128593448145
55.36681040522425,1.2522450264790728,0.340353357371217
107.9143128029549,-4.29405541125253,0.15694670027434335
66.24576864762915,1.2229750303228377,0.1620025771710848
65.80703078052355,5.432980290363879,0.19459935313145535
29.334959480643633,0.4886007032570433,0.3889033363849212
35.93262440127316,0.40591691203882385,0.8110664774326692
57.7255290081299,-7.019916878067553,0.05696068686177275
57.706789263683135,-6.6290091755094815,0.5068443274386882
57.72571529459072,-14.026052717996935,0.30439250526781686
107.79097235982081,17.495767431869393,0.2972452247392276
58.56335766039751,-12.438632353912851,0.1367056096153261
67.03348460270898,-6.929051977959073,0.44914011712217095
64.31002645239803,-7.184072655691974,0.25181479605739426
59.77086876958697,8.949243769444413,0.16951392607312646
45.27096133039482,-2.949496782920278,0.08014649270573643
61.38453830739901,12.47742072673734,0.23253705235538352
38.40762178193643,-6.734906242438685,0.4841625365767797
46.44772089889987,2.7899416222380196,0.1693257626556566
42.71954678256345,-8.353470532597573,0.07477892700140167
51.22811209079484,21.451491277733883,0.18524232349219433
84.71987850010262,-11.875984190295128,0.16796351370450527
21.99102211112378,3.0982071022702753,0.2763354949660545
60.2939028556177,6.337768809320985,0.13097855154707988
25.809261932155223,4.137990974514983,0.1542500262093677
42.9210220131585,-1.8528765887770828,0.08993538353011882
66.33425895451049,-1.2982069973342616,0.3465590425511273
50.96420028643194,0.43811471979109595,0.16499025374641893
33.83382833106041,-1.4700200162848862,0.1454381844637113
39.27044436110047,9.638791167949098,0.451163889216197
60.19396623402014,22.105230015913513,0.5292063498589319
39.04450052424295,-5.574917850078336,0.37717719713879494
53.246878843729625,-13.698029795790777,0.49771530922633084
50.68357759855721,-0.8828204835125482,0.42318456662924475
40.22599478591275,25.797093376543184,0.21733647489695554
82.15916133987989,-8.036745679697308,0.10549743468741869
59.50878533477017,16.391168054440676,0.17711581607683305
19.622861200135894,16.77700814076441,0.15601042342477014
52.796814721541416,-5.535882417079946,0.3583027272484148
40.07320302847418,5.689830791852754,0.2382117203777517
62.78650002194336,16.28396623128538,0.04443763713492062
38.11218892350949,-3.791277409874871,0.17743415640634938
48.278953377996515,-2.0358036010236176,0.08105034586883751
57.57480918470686,-5.816809139486438,0.23325972978998843
62.98632791255182,-10.147567306928668,0.4563029734443914
31.995553894163358,-6.492775450660071,0.11099512270858747
44.98248146238578,-12.239402667622565,0.8272742210058918
42.87582033258566,0.3408346825922607,0.2494485341513156
40.200061511394324,-7.699732310586418,0.35765966969172464
76.48181360421646,2.337859117907477,0.1411241998676989
56.07472566441433,79.23237025126346,0.25621935561558057
31.086740684974323,3.3088023221445706,0.5239791499617252
63.767929205821645,8.335289616089247,0.4819498063691885
81.8323429551895,-19.937356425714555,0.2639644320402215
65.4869789082672,3.7405656984757214,0.22351415888456408
27.2094505106898,12.276689924732922,0.27642704708167387
42.73648890700623,-12.096410186912054,0.32112925534140707
69.00366723779933,16.725723868377035,0.557406885681536
39.38495801571829,4.190190093660452,0.16218908617481992
56.657291422193424,-7.050118557584089,0.15480747939205203
61.61951080144005,-0.5576907765770601,0.20960392282734935
36.09604292632876,5.583269125217224,0.10686653718771086
49.107119659073,0.7600539141241149,0.36441921405229005
1.380989898963911,5.387559924463692,0.06985421523280302
34.63418537998565,-9.206735930793663,0.5752524381494896
46.2114777291026,1.69360824036078,0.28165155884564697
31.283252270527257,-55.13093086026638,0.37944115369394515
74.48616955897452,-1.1122606134870032,0.045659631002925305
28.54787933059051,-9.039076414647898,0.3907392159198113
43.39933269954524,-7.355299425897666,0.32590294062100394
51.96110865929137,12.360931752104374,0.3450841502829877
71.61909933599173,10.91310120594269,0.23701367390107056
28.46206773230841,6.09138120907177,0.4243518655493258
67.4474562823244,-10.92312764672579,0.12881200099088816
50.1534959152938,-3.164084496948019,0.3299114686361586
35.27737023428074,12.130976999791834,0.06675553056618239
56.93155211394906,1.4171691363990475,0.10571078303232644
52.98589543360205,23.193295399816943,0.5357995621053333
40.99674684261808,3.933178393943719,0.15957134377575063
51.04703127485028,1.9204911649003158,0.12287989871766325
44.220296047073596,-3.0911646420250136,0.30995644773932673
51.70276017876872,1.335409047822823,0.5006741240171694
59.9319601178157,-1.524698363805439,0.19253338124350866
73.79025224218029,7.081086766885905,0.6798139772747849
31.432767517597263,9.567023167945841,0.16580692395614124
81.995500619844,-7.859894605079495,0.44532573170634104
20.718683007162472,-13.312329535577781,0.28710346659034747
47.72322357446625,-18.362053731032965,0.20515210248463084
58.82475809726865,5.079913269125437,0.3569482999794101
54.21487801602549,-11.033666061738735,0.08720531597496316
40.659507202691096,-21.52890592952483,0.23791157291652001
46.87816624464087,3.885786045309641,0.2125906368597829
42.604985980117505,24.929995174327907,0.3380474712276761
41.15952864583683,-0.060709115398933235,0.29052756084271986
62.744031455315366,8.384907744516418,0.3479181328972756
55.35523228947571,0.8182935854756501,0.42219960770511694
39.60635607109019,-0.9888965319114267,0.24249642318363557
63.493998131498756,9.190764829877686,0.3024763373927353
54.60949281314914,-2.9027454418865135,0.5685546252018754
62.1929317825844,2.6739231407190296,0.29393240112032726
59.44443262885419,3.2169780619601362,0.23718069472344744
37.56507483616892,-6.6809045364304875,0.4348483136027772
41.597284397045456,9.920423495365227,0.24766475341982122
61.20940407684893,-1.7495975669540864,0.5915252921662858
59.155553981501974,-7.557451594928447,0.49414273786873564
49.68647609053778,5.365098435704035,0.19275092244199293
51.75991074963173,-8.984679817910372,0.21570858057122805
69.16497343682637,0.28181157369128246,0.4548274324248505
41.12642916746255,-0.09118996644203543,0.43203347294911104
58.20646071755057,10.85895565831578,0.4727380263938699
46.96711021349159,4.746982328799528,0.2538973946761992
46.73478195159169,-0.2502695874514392,0.28572136176326274
66.48165277980786,8.17766299200287,0.2317922806044498
62.38124523482045,13.902075490173134,0.23320414628000993
62.20264454000958,5.578103063518622,0.16973032592208812
69.58218210731494,0.10352619843380607,0.49151217411248727
50.31505762449139,-13.118362323501596,0.33195877515080124
60.22929456942446,-10.651136630753726,0.34270313402458813
45.34599865109816,-3.0522470435466764,0.47320746037150585
54.86249528732663,-6.0951220215928315,0.057826174727944005
48.047854184484734,-1.8697130298544602,0.3342823374545915
51.45493947489077,0.5664992489710716,0.5055663733930453
58.9273553815537,5.296927543567308,0.10926771693672341
37.726689751497915,-0.7049877805909122,0.47637186210417104
81.3858091352819,4.865016438262019,0.3351520189164386
34.90973927750447,0.6447441481012024,0.31131126560378347
31.78717080818402,-19.754665663538713,0.31565145210422435
67.37166310250102,-9.393353938187543,0.13425930596426694
61.87494040944404,-1.4408755572161547,0.04261251654027319
59.36179725578233,-12.096947428411076,0.44024925150934274
59.4251826389642,5.999287299962045,0.1195934956640864
49.81629840729628,15.307508323436974,0.2000779313230957
36.54118442771252,12.187618516973167,0.7007817975708072
51.137068372905894,-2.13442870930208,0.2817555447671213
39.842574327318324,14.90726136849952,0.34926511547555156
64.62679600126627,1.4866745720211156,0.18348662812958907
47.79413927746792,-3.3708597111803935,0.5023166737897836
37.61754204811233,-6.1340266354093975,0.06245007841002178
45.1792123752051,-3.0246968648812835,0.4354437700393007
56.193971814134365,-3.8817681854122874,0.0920630148030118
41.54413170794038,1.704162223754877,0.6257518883853295
37.666694066503524,1.6057398104986458,0.37700811694720254
53.65530817237868,0.030460201534144693,0.1271719790497805
53.674498566630845,4.369381697463498,0.27435287356315835
42.39585236943305,11.906462747863413,0.38256661568693123
42.93442541572516,9.495541354413238,0.17843961982715925
53.480749060364545,-14.848979684499035,0.2162905367743838
28.27873487754014,-25.53921134901955,0.5209740341645329
28.888043384351672,9.343199112392737,0.279074004926693
39.22333668121346,-13.668786984154211,0.48498879957497276
46.798292724322295,-2.2476540189268355,0.3481128642195799
54.66361348397007,-11.701130260593596,0.37769730827879666
72.13034325424329,-18.0198043758002,0.45526763848906865
62.86489434803029,5.4146272820478805,0.564636774420852
47.60092205054859,7.591551603026469,0.13525495524082082
49.71475688145967,-5.765104007267194,0.41890629703440113
34.96205953043287,-25.910422921449097,0.6277239733678208
49.72230296011415,-5.462444482524828,0.42330626189328024
45.670120416197925,3.918040054025465,0.3242865327317485
54.84077840507134,-14.789115687741287,0.5237323534287259
37.59153584671515,61.057431547102624,0.6843643932117193
57.79019771361759,-0.15309849172995557,0.35926527588984386
72.99108369503867,5.792914996010884,0.3939614324212918
48.36859777314714,1.1958036841415325,0.3799956547644613
56.02567583148412,-9.730689408815556,0.08417433653931046
60.352159875666686,11.965715016644914,0.43722711473977127
43.98169292171246,-1.5852957302697002,0.09410779357588527
53.36138722715625,-0.2730453950993186,0.3982612864989766
50.18888601172692,-9.33267959073196,0.07765506645751091
51.465141478232475,-4.432822511915103,0.12821245493162958
38.404853242168,-8.848027140269009,0.21425064305656616
50.36765261388414,-1.7294605992342298,0.18980885239554654
57.46997436868175,17.117084801423434,0.449549690409468
71.76715411692562,-13.719011429313564,0.23408313613509113
64.3890623912781,-16.13561397876741,0.10047468691113758
82.29773686267335,14.711703274936085,0.1752910699720822
38.489786556679256,-2.093236771518661,0.31120624590899987
63.08480955081017,-6.690727386599166,0.30725814341699853
143.45495343623642,10.399046873960764,0.31622983906163077
82.8470439982651,-6.0561553973686415,0.4493230296578294
37.87552571967273,18.260097135469362,0.4992607592612914
37.40417236728836,6.779258713392691,0.37973287476095796
41.009110318339665,-4.879114081457026,0.25879512048478875
18.141564135352898,21.573082132655035,0.21720650202910807
42.113674674788584,-6.057149230033384,0.6337271424536701
38.61301007669453,7.4209537200930695,0.3024225452045582
52.25590679714311,2.992925804064919,0.35324383153672906
55.12633963665739,13.01741289398798,0.19600880118123296
78.14256258823829,15.615111967268527,0.19460414633823603
128.03472406878402,0.32004149065766624,0.12016596269169015
41.346445165063955,-7.534178703461834,0.2881738348704263
36.52377992977463,4.599721429391164,0.19451076843381124
134.59319540804222,-6.777153697521062,0.22190174670034968
30.196501894690368,20.13387247526623,0.49244241405815076
77.47188148781531,1.3653533108273743,0.08506599782258312
67.69160181081931,-3.653215513121087,0.17078468035505964
42.962365218429426,1.8468030586490842,0.3275299415979275
24.302982063636836,-13.471262895296965,0.3146017534698956
70.3080856124812,-9.716140385106515,0.5591300431761457
48.28190232121073,12.004139079444254,0.05690746574113332
68.56724467960193,-6.568942789713957,0.5215862971395819
26.083585118084493,-10.469109826819397,0.11091117446247269
41.00937465569341,5.366527525272861,0.22652284530795472
50.07865549577275,11.857041546629969,0.08232379528839835
50.70470890647113,7.189533106650668,0.9580519807883388
43.249017927811344,9.960476858058163,0.515099224706211
59.34274898521248,-7.567950885694607,0.1524295832997067
33.98569355926108,-14.218106667418438,0.401561690342304
47.8643077246806,15.013336519554867,0.1934741652155991
51.804434475678484,-3.2267983884213574,0.5676055160091945
57.71658251088124,-2.5083301645504736,0.207457529958512
60.674223171333345,13.281941418490579,0.24303279275432918
33.13036862243196,5.562300094006599,0.16867962259904035
26.988287438965667,4.558877720816076,0.11978721348434995
69.16515232847763,21.65002344901084,0.4281637369757693
54.98471017969388,-6.4351823038014295,0.2805328520070296
38.7727019516517,9.278401280812371,0.025530459181464824
73.26727963283784,0.570131248970845,0.5758838933798938
51.73511951439288,2.685922788632569,0.24667491342653283
67.6894577609574,15.284684264125318,0.12659141193795395
51.01277722115164,5.078357562896238,0.07690526282307505
80.91121887322981,5.3829607904963295,0.13178659947560378
76.33011263664807,10.725073373098022,0.34235225040309447
46.2655377728139,-3.6495272954288533,0.4422870444385288
64.57356426431534,-8.392096673390064,0.22902080143355766
59.680639243777215,27.68002613210814,0.8133424050014515
70.52947336298523,-19.66356589376002,0.20792342426577648
35.52614809129843,20.56207129940322,0.26083444259376065
60.29077189997659,-11.03208365721683,0.10952628416623476
65.87636730274382,-2.21253623585772,0.25085125200039493
23.618907703653285,-2.7681329988892065,0.46152626905013167
32.25112231001337,3.0740669780910075,0.6224521206393593
19.411517333598493,8.157372125392968,0.3984798933684013
45.95889748333163,8.604734883597454,0.058734322284688646
60.76313383693943,-5.830774385689384,0.09968586243360074
72.53535578144042,-1.671217137864115,0.05874538677015844
51.111421706296625,2.8257995048829967,0.14049481279644285
74.42923318356938,-2.4869112618354707,0.18135617969878268
29.29847812677663,16.073455760199927,0.12077322769540527
24.44926340967268,4.909749516382513,0.3803905055871858
49.16678451655072,7.348777860498174,0.11550874706878707
55.76098173408961,6.628812686674127,0.3442408863859198
49.509578778588605,11.73473857485325,0.4240345061051237
18.98836849940185,1.8102155870370695,0.22282399733200586
48.66319940730818,-12.968319479558465,0.49661588793271977
30.432957492427203,3.9968795175264162,0.3672419812866422
60.04508823245058,-6.51356893791829,0.1766046090707247
55.498973691452726,-27.750857344273093,0.25806347299908466
35.90180320508967,5.863640187550932,0.18946469672779903
42.2919962399496,12.382830714336357,0.41553989542792674
34.11179717166573,0.21271576736061648,0.3736665773648109
49.059813540902425,3.088330125989638,0.31574326822413956
64.32713480751858,17.02214944635238,0.08399329541065491
35.21410930496684,2.4075317948856827,0.17040026056912042
57.560697732767665,26.016831141803948,0.1477675605532415
42.04613572441339,5.655096456315442,0.039946971742571044
38.10690751606484,-17.607627591558177,0.10329415178606531
48.394544600681634,22.906512114476087,0.10515294927659564
34.47136516370939,3.8115838488277776,0.22786647909438923
41.69526041979227,12.897527540827456,0.40368453719585895
32.03183161116728,6.731813512699584,0.18541250912330293
79.47087699374583,-1.3845598398377381,0.23563203212078124
50.52895327957593,-12.242982362893658,0.23568719520267642
39.50411738011122,-2.090232572860253,0.2556894500410284
53.20969866101333,-8.505204542093,0.27731658935159587
48.31507925463755,-5.805234498047227,0.4929038584246122
46.685456007001655,5.885784044206096,0.22461636012846697
59.21250050065138,16.69904504351406,0.4978941595164927
61.36261565070958,3.946715298229811,0.2708167713466874
42.04248278584209,-11.958830620351844,0.2447966527292512
41.3627263903298,4.446026682201407,0.7069398340941843
45.874224542725344,11.96631486645651,0.4405181037535751
15.471182528966224,-6.097829043193822,0.04283204593560013
27.272134067021717,-1.340171666729177,0.3382887652701045
70.50311401166786,0.14688194729197093,0.1093125928188253
74.67451570251926,-7.8489831308224005,0.2790779756873904
46.264459406654325,6.482804338438591,0.12319567633573482
58.648354445836496,-1.2094814860778156,0.31085490028701984
54.66875231815304,4.195324439070277,0.5807638662086987
96.18321212682856,-8.874921778021001,0.3520188680892029
66.79362367151865,-4.374583003234104,0.21162448830095731
48.0812361277885,7.2238135782777135,0.19060156650468274
35.666893390993614,-3.7283315209176697,0.5287406174504465
25.90330519613641,17.26963851233405,0.3441654266410305
53.051954538008346,-3.9963618561460237,0.509483025220101
38.654738820735446,2.2468472575188594,0.3888300984943921
28.666194356034886,9.3259083187309,0.24862235523960224
40.301406736362104,-14.183657329330316,0.32585022418213927
33.77677994578407,-17.60808811980776,0.6161490898475421
75.30712452608847,-15.256563145700948,0.2637367830498125
63.224596354241754,12.62584103427182,0.18218694455348772
49.88041038025074,-5.5185814589244675,0.171892970512924
72.19916208335039,25.581992856682522,0.39670589681207996
51.16052461471428,-5.642475986573886,0.2024517443898647
37.08073698007605,1.8455130319703696,0.22863765281597825
72.84686115904486,15.421099525678756,0.46349070456281477
58.08365065526988,20.06092888159123,0.10118673151915425
34.441307685103155,20.615035766363977,0.2799184058289093
47.14491982874588,12.083662305931425,0.4914679824608622
36.86572619922865,10.240625258114624,0.31599410767455666
29.25800403553496,5.9252694920118305,0.2817194221228608
63.892663212974625,7.783610761666377,0.3774191190742991
78.64124960705196,-5.511857163285335,0.3231700330669986
29.02148639271288,-8.181988834223072,0.2453787438648542
58.444538550358565,-0.03374457410952052,0.05079942872190077
40.2403614631726,-1.7018462252492843,0.3893073782684028
42.69311924352956,-4.532280493272752,0.09094489894008022
41.11409113641696,6.963874474567153,0.40660733444171865
37.04013845480276,9.553052085705108,0.04913317291823275
50.72782441917241,0.8840688629184735,0.13406080555620095
37.535748253834434,14.775300810552618,0.3113574232014944
54.056852386697585,-11.41689114133505,0.23475450753864355
49.246428358262946,-1.936594592797181,0.20655144744303597
46.41577929700385,-7.168223206028049,0.6816552682617121
36.386545069376034,-18.6653661707306,0.4125868136483029
41.34843004147501,-0.8268068584269925,0.053121042959720026
61.33086838738634,-1.2174750838328354,0.49061904250908245
57.51375781436571,15.134497432421309,0.4547962996448925
35.33667132802174,6.308116845547776,0.36081494259459335
51.489984581438385,-10.24186824329205,0.18806662822322226
61.27080685057683,18.540925663341884,0.396148132078496
24.958920783179423,12.21033695525353,0.2841761625924747
58.15040288569902,5.820977034686158,0.4365609916533659
40.060643615812296,-2.264840988498319,0.14190926688076597
58.55898002889739,-9.594392367234798,0.17512991611967793
38.55111265186225,-3.72206776071053,0.10939522362794184
22.926768490032213,10.88748619704186,0.15094659543979538
25.586863431752562,18.84586305934609,0.19977115884535762
50.72127419992073,15.43243528272189,0.32373719499724907
53.89583752582223,-4.888494217862741,0.15229284112134703
36.43525062343387,-11.196174332890113,0.8606439093437183
59.57888688166061,1.4088624691120395,0.48509930163334536
25.0771990659656,-17.684393655628515,0.35969416552293865
49.00880302029025,3.2316771418478147,0.19668016242726186
31.83475700356315,-1.476025862986687,0.015531497830961472
40.222458382967616,-4.660365018682422,0.2799801593212404
50.71098006974621,-15.947030672667955,0.18606212320601692
37.09379952074072,5.136001065697165,0.11690970530073955
44.23166683655262,-5.327008396619114,0.28672806899006137
65.0943921382166,-11.69916835710288,0.4524646695830735
41.34662195715277,-28.722622132816493,0.17178147128900662
62.535381680977125,-0.27514905050636257,0.4198229253993504
33.05439718013573,17.72251596669744,0.23346542109232404
57.947062668729245,16.6125921454787,0.3430824449809528
71.6235293098685,-4.570962565862718,0.4799059691988199
12.925332498090661,-6.022120603617806,0.015933791449791294
38.046571167942844,4.687742560750237,0.35244812387156554
58.6560819077081,-9.983854391882915,0.6577252418827442
46.95431920935511,3.0179189981946597,0.5379363637806488
55.56718810056963,7.660802783846902,0.12275555219550162
40.94022219926269,12.269332238843075,0.3162967511292953
51.2988468120935,-1.0015407647995278,0.7182985797189214
47.664841469118805,-2.0367375017696587,0.2096374939492888
67.5167309248971,-8.779825867565611,0.47984139810788023
53.816312649518196,-8.2688035403986,0.30096354758337374
55.064039931128036,-2.2647889190152677,0.21998463055148423
43.82184550816299,3.673655068161781,0.47774106931540994
42.6859066389126,9.135846262332494,0.4771332841901341
43.51162718270569,-8.031789506803449,0.13018424985566324
55.91678213567445,14.926885689595217,0.5303993887030928
43.68523278769605,-2.711236010425688,0.0053680844501438315
54.34662285344619,-0.21367294348436155,0.2142283776069361
81.13101197968157,-7.472116791478234,0.29078800334020394
63.06687055147539,-24.242402602729417,0.21064687555536693
45.10964701748238,8.840453963610496,0.2798311894927176
68.01820883245918,7.368438970924334,0.18351478160566112
43.87886940467673,-2.813275571182134,0.26322314115715506
19.428131972332192,0.6699071722487192,0.42006642843461356
34.87870533623894,5.159392177040995,0.27754244114871157
21.938121184612164,-15.625458568865426,0.6236265478175447
44.72729773938037,-5.290526773462948,0.2746747326009883
50.276275687843274,7.942646796218272,0.23117562051690402
75.14655968412924,-12.542894231692493,0.7501009462025124
54.90391060646244,2.935579321666293,0.48770314027533535
46.71349206786704,-13.56581804623405,0.38579893959303424
62.441083717752335,4.664299824335264,0.8991307841766495
16.832970364881724,-0.3564148229748357,0.5795435339820293
53.53421837162849,-16.151318159055094,0.4220781732681007
61.562977908304504,11.647393544571713,0.1076063974617847
27.821206313302376,-7.345915767980492,0.3737010222714219
67.15631064810394,-8.10252437014381,0.13742430887514978
55.07744611241621,2.0056919723094286,0.5327875402080797
43.77068129148798,11.486373494287152,0.5502437465751491
59.491727991594274,-10.15821818978397,0.45279732056725525
120.673288335508,0.6167984984797166,0.18582648585372022
52.72799382587743,4.288165003305729,0.43911412045465
53.723308794505044,6.93105607263144,0.08755286918647076
43.109586506896335,1.7644155527722518,0.30255530983062434
37.25233445802812,-3.6702783908332233,0.22692574261383391
128.41595755389628,-8.275902206487197,0.22079468487527212
37.15874261136699,0.8614388304637476,0.0932182061227306
51.073493558290885,-10.72139011985607,0.29187932762260266
42.83513829852325,-29.21350483494607,0.12935005514766454
57.18469738619588,4.365598041576678,0.19306595004172766
55.00493157930423,9.039348410861953,0.3841686148129106
65.56309916386849,-23.629324355418383,0.2900182703688738
42.349754017178796,-10.097307047099376,0.19685360478657662
45.95187597059943,6.191542610051978,0.1316670998839262
35.31854426326539,20.574954697116986,0.34576405728229137
43.33560109885833,0.20793707675407894,0.35987407068966043
55.65950739567278,-7.280029412291345,0.16974687545557585
61.35482924968028,-1.8289644110484016,0.20723311870103758
36.167520137335615,13.748764191481849,0.2979050442506653
63.044088801584905,-6.459641791245353,0.12899233875418872
70.33456788207427,-7.991920066502535,0.3257121702747576
56.20152354835551,-4.827435221820324,0.11183973069886616
78.151937188371,-9.533286082587123,0.14440003664758458
38.39316201344641,1.2267031599479552,0.007274704741306602
31.330179450328746,16.246784584695607,0.13863910240454763
23.31919626643582,3.2307927311602906,0.0468492653975621
72.44066467233775,-2.5235350212628758,0.20079260746707878
59.81548484531086,-2.918112689155441,0.17154965153338303
49.16622993634317,-15.63190808696657,0.05177184339479075
54.1995293947973,8.83109777147159,0.27036668637481137
33.11766429052435,-0.7783719701280203,0.5279243840181365
86.68627969425239,-1.8047991359062565,0.6678969467219104
51.93831772962841,31.931075678448607,0.06144969359913295
51.64092191907339,2.987529083656862,0.3090567782564249
60.88649935848038,-7.517910500951843,0.3527065663574891
57.2151384760507,-4.263575962055433,0.40359326057619216
53.35826036418697,11.484457091967549,0.21443261539524658
38.142883168320324,1.1327041053776445,0.34084369794317704
57.072025357039934,-14.382779783173667,0.41236108761951057
78.2303674471255,9.192289345752036,0.5724359543433041
70.18130069232467,-6.68144085538994,0.2929788735913856
73.89779939959095,18.732977762175455,0.03928016313148428
42.33176485353222,10.800480657146485,0.22325775316575855
35.15592769612129,-4.473218956587512,0.3399068359357701
48.11319619850528,12.81016361735113,0.18368118718776022
110.31013579508894,0.678555105274033,0.3885662769655529
66.41287277706422,8.527736751222195,0.08462733526759525
24.61303055427771,4.8473281729447475,0.6434052833138456
72.9432547919092,-8.463566549908736,0.17970506049704416
130.72705091106576,-6.43549832317462,0.0990454947431122
143.8280245394359,10.299608175811612,0.1320147770620504
34.81843437109749,-3.347753321065409,0.4865241768823066
25.17714992201346,-4.036484632419967,0.14214708714319613
62.34755875942872,-9.55122579349353,0.3203225821877145
51.09976950782606,4.235990655934611,0.5834896095027
30.650586503884192,20.62524919243145,0.12776866366844378
30.573818419045757,-10.67532914254273,0.5111639862554721
44.96322951064808,0.2421945667275807,0.40875435210312244
75.0353228793409,14.122205554154291,0.04062935717394039
46.10612972954593,-0.7964139124571514,0.43840097094062275
27.45285570322841,4.523717962497339,0.44352682389611603
46.313854038710836,-10.623935281468796,0.035930195465749236
45.90914645378494,4.2830709720764855,0.25996915860043185
9.546700355876425,-1.8714426500454877,0.2884957018176471
49.18557700223282,9.857299956798629,0.20906870283677964
46.53598204686983,11.873860515647511,0.18510293303371547
60.44309547220128,25.89563642018614,0.07187748488844417
77.73434142418017,5.796331732135757,0.34772456456415163
66.89847544321637,3.2579631658216646,0.009063576455491072
45.96666964167754,1.9438430157733602,0.2707572855994038
33.40211136887494,-3.5316629281068836,0.2061700110820898
88.60039704874791,3.3848384346169116,0.23538928965900957
50.888276510217324,-2.9540141013902943,0.37027859563450843
50.20893937869419,1.684609762696143,0.20744051778707873
49.638123693349954,13.175975356079597,0.33200075489313624
52.971271411517826,-10.065425652796412,0.24355644163812606
47.834593821140864,11.398785611290453,0.18292874408417037
41.39506989679646,13.171150673398653,0.8027279691671763
41.79711588139412,-1.1806852699107875,0.3712972710645472
49.50870094676002,-21.218548990085946,0.3393430997282359
41.84862843299352,-6.0782198709443245,0.01610866484751807
39.30731325984253,12.969945465611092,0.3700401819965376
51.596453415378456,-0.22868062298882122,0.3093305217887315
46.17534173868717,-9.993022322949107,0.034376929980175934
72.55989482874033,-5.0477492122821745,0.4080696401915166
10.235452874104823,8.40620026504553,0.28691050458305856
66.37260277883692,5.467335682013793,0.6273568756267822
68.69127788746444,-2.3893209916969433,0.13000318586576287
18.89914651387776,-3.6682441181468755,0.36834962922318115
44.85968608879477,-3.917581490438219,0.20681781732201704
44.428387010063126,-9.224101844985025,0.5017603426553671
116.7973076689467,16.153756894694418,0.25704534872496765
38.33274968613687,-3.223204692113399,0.6041340990775811
33.34136231801257,12.171585208254964,0.07846811578243269
76.28405665135435,15.213160519224513,0.29559458383927883
64.03517589721191,9.983108981479603,0.36847770164693944
69.07332642491238,-4.316203127180484,0.39310715634519816
60.82508096064853,4.037300903366095,0.529186384271065
33.06422343174156,-0.24195606390916166,0.30996582592299404
42.132196005803394,-84.24099717402154,0.0567761306426929
57.34061841841877,3.24359281721603,0.15550031250253407
31.668082866620818,-11.790397911598024,0.0949941831727461
60.69497645258582,11.876793884615637,0.6594625321905624
46.39511902762798,-4.646172972983931,0.23492957049674604
123.23447342225825,2.011596558728393,0.2024783509487901
60.664399523052374,2.8328787154614217,0.34119850118462985
56.6639496722906,-2.5890497370407735,0.3712930873250693
44.585507512713804,5.866938014752748,0.2579043518687058
67.38994705046372,-4.749036566225245,0.32843642335088175
33.78405008600154,8.712972974572441,0.4197319573933808
59.239034104163956,-13.459796802467485,0.13084133584036514
58.89651886952576,-88.4787307087571,0.32750574850149805
45.35680341029015,19.389289990582846,0.3090666018759184
54.89199533363177,-10.003313246055747,0.4432956418443808
31.233296354220457,-6.7774497052485145,0.45195397183953334
63.860405288103514,5.13907849658915,0.17662501625710236
47.22646795335516,1.7958178193959795,0.06628959192412616
42.15915469221441,3.506300992735592,0.2660565893616861
65.73513838755333,4.891871301476635,0.350135842218205
39.43484464185861,6.393944895473439,0.5160959312188699
28.873080554546604,11.096998419562231,0.1097055673936324
26.650562397141442,70.57338319685172,0.06263991629038376
59.0901492701846,-2.4125765461854245,0.13255741096760387
30.793559712555755,6.725737012027313,0.05832776626883096
76.32191272976547,18.998819348952157,0.32540251244543544
18.771058881744167,-1.3263374638257355,0.28860452011995313
75.44684552435058,-9.745293046706415,0.35318268862041563
53.16526200803928,11.070806692869727,0.13398942398866828
48.549303321944116,-1.2038116395359824,0.4067854267970843
41.826213697865754,-21.726695460140363,0.15629445451515767
55.987041715281066,8.474216771504215,0.29695838258246554
49.435479463627274,-5.353281859539227,0.6434014985611503
66.54952823024783,-0.9053328230416078,0.14212150321881287
51.7134147299306,3.3198033056901455,0.16699735743790217
52.25452642192816,1.9049967977906639,0.12969655149386994
44.54581681679216,7.094518171390395,0.1782872715496214
130.2849620229938,-4.354863705698434,0.1707652951825317
54.61702653338089,5.1310579817608275,0.18526477559652793
24.347474110150618,-2.595466775839172,0.21893111788688133
29.777218668414307,7.38810480887503,0.3382750971926416
61.148961410340725,6.153674840130535,0.4604493989406266
52.562981571919124,-9.354387020445953,0.30110227435041076
47.24024995470981,10.859821161750322,0.24097964885512327
50.2765089959809,-5.35963445114048,0.041859411542165034
55.21372558042506,8.080577982811452,0.649237693775418
41.90360479535958,3.672873134013406,0.2810720906179367
38.32542911896531,18.381836767951224,0.29134280698889403
52.93767882646522,-2.2346598237185216,0.5462926117906662
35.32440833577452,-3.493167961181975,0.18968961415942878
56.12379133571708,-0.1941960588773261,0.2485969038960578
24.461245936432395,-3.0317978283427545,0.4392210898888791
65.43733455988465,7.9994190194205,0.46360692555333594
57.08896223619564,-16.16310608436588,0.2672577269945208
53.840446014708135,-10.536824191463541,0.2819303733536357
64.74036475918271,-10.67802921579193,0.5692730228078995
74.98211666693865,9.503075919735757,0.2236700886792262
65.21555097527195,17.10613372581925,0.23061271313703677
22.386886530025322,-1.0444921853747149,0.3531544202561912
30.806345498964475,-1.6882172319001063,0.23214236376262243
40.62772133456482,0.7005216311318139,0.23843899928388845
50.3913657531625,11.618783026081905,0.36526332118874694
57.76488530703685,-9.273531341905741,0.4133211757037022
39.11384280269802,2.383689827347851,0.1412777499469272
52.80150146715617,9.751976297824298,0.2789410612672031
38.66925601470016,5.010941699398453,0.4770180100982217
40.82723295512078,1.895816165987434,0.361797462056256
103.36203170260183,10.010460925671412,0.2961979733556478
36.151501308336435,-27.03232292999237,0.3462252555015791
29.724730915754996,6.7787531953090765,0.10846004019288348
35.36190120534001,-6.540756831274238,0.22690828159919452
65.80462694911759,-18.306328968564568,0.15051581206901055
35.759016667520854,5.112025995249807,0.29450633404439086
89.48573097256086,13.736585451629576,0.5362160322633829
57.39976851321334,-1.3744851462769185,0.13751560636675203
52.77254185542311,9.528745472029389,0.26431929318681086
37.1246332972818,16.122782579886454,0.16674076091080736
60.50464819113487,13.149144535840474,0.12875606452853877
41.36543260643339,16.39964529371393,0.3268563949085386
51.83014721968042,7.421274910718923,0.11576307637312196
88.40126807403192,0.754336389015928,0.3384170503055753
48.559101504130254,-16.019658118971684,0.3598383820137326
67.23909989428513,-2.460624881299486,0.8821045568702855
39.45235362311169,-8.432465953161918,0.2783028816737725
49.47517264254557,21.70942717497814,0.6741949637316157
76.56200953453265,-1.758858124323366,0.0363521567719536
40.59549413318349,1.2320480678448567,0.22449436638611184
77.18672836995393,5.514853760404676,0.5983467250653779
60.616279031832136,0.43602446372453724,0.34663607642548144
41.56299836158598,16.95051040430753,0.4031675737816288
59.48611608583281,-6.22649361734452,0.5280499551515648
64.58831674440094,1.9460745523724272,0.4599431294093182
59.327149433257944,-7.4247058569804825,0.3354609478388799
26.446629201643155,-13.200225112207058,0.3901195855163728
39.09294236262697,-6.117690909052854,0.14652283416598802
46.287220466727426,-0.3703679704841202,0.23358324898373145
48.88349856349931,-4.293022245172599,0.5355852061194166
59.31008146326017,-6.92420979873856,0.5458906890817872
52.66551501399881,-14.063174636718339,0.29324689662939285
29.969834619348482,-0.8310557262869477,0.2606005376897788
55.70296776508945,-15.047203740310023,0.14618807443405762
121.97538902237758,7.600559636896026,0.38358291962866264
58.396856718965594,0.8243975293450329,0.03720628790873445
66.21171088331933,-14.575514994649305,0.15265935678690293
62.50883231823356,-3.0920907704986345,0.32909401726592674
56.88770118842655,-7.521564055905832,0.30340905103521687
48.94751432812029,3.1917451041918046,0.2662427753170681
141.0367920407865,13.404504460231445,0.23935286409338105
56.44427328698879,-18.751724696457444,0.06726024683917943
53.115315307446664,1.1502607914741716,0.5421148900980919
54.0736825579306,-1.601327955666404,0.166930655302071
30.84877136269536,6.713400764504657,0.3125025751898585
33.784151893876064,2.1319662823768915,0.5754859263203815
65.79729279999356,-7.519693317388191,0.42508896579516403
49.406672692150174,-3.1905393566661817,0.6034669008975112
60.22251046058936,-7.96025856803489,0.1644219334624456
50.42477564195692,10.760071385985983,0.2086997984846618
50.446342092436176,0.21311648671942218,0.48071818860732274
64.07425708963997,19.011906857530075,0.25076845023001687
42.25932907673939,-0.6066081381462077,0.13701348082005577
51.44181165411475,-7.084067669104628,0.6245064211462499
43.06587066942436,-15.137143926128271,0.19181205542314084
43.482556588515266,-18.03139676255945,0.2992083215716564
45.36241814797041,-15.841359430054897,0.26848915928564887
53.33200657450569,2.671266510114834,0.3144923311622377
42.818770675047844,5.087250232299338,0.16635921230399522
68.83634188360281,-15.811907020321334,0.03517978079936163
36.580890466707444,8.950383140761154,0.3458810311827689
47.196925337579614,-4.830610516834395,0.3484719423435887
43.40403412588738,1.4679301198554937,0.08214105244379034
71.704668265306,16.122206282554245,0.21571526754008652
52.94832164767362,8.968393158655319,0.08269297157896618
65.47766809202952,-2.685306479058323,0.4167176195864318
27.71659440444542,-8.911922254152874,0.08798265186203791
54.00575398803888,-21.51815401329305,0.3530655050389947
63.34446193435156,-7.191533192424201,0.38241656334813184
51.23425983913136,-2.111302388276944,0.2537913909739236
65.98220562598027,-9.87179527151184,0.6066784600310963
42.24067324849442,-1.3125696709230472,0.019293773873010477
71.1402116027837,0.7685188295876821,0.4187109793560707
84.48347185428875,-2.2485598180807855,0.3403779918999732
44.55742159340512,-6.500025808234597,0.4848744923943458
43.31746217898842,1.6865467196672768,0.6146509543014494
71.80076715676552,4.419406495694091,0.28244542696617414
73.69358218596068,-10.903990774428461,0.23873026417379783
42.15709959270097,14.1093237974627,0.5366935287842728
43.69719774356214,-0.9858813228426173,0.16882476789617254
45.773230867092394,0.1884962294484766,0.421936365707615
29.833242334485846,7.082144232565572,0.32649520209421795
36.220220802737025,2.3321613126350167,0.5665498107719812
34.93788849871898,9.53136633913245,0.0714647231169887
38.483036523438074,2.871241652018242,0.061517378481216155
49.47972668919828,-6.124373746404379,0.2076698374564722
53.51322098804781,3.6150352520610163,0.27820649078075316
73.25750739221115,-11.437262073206618,0.38762730112288585
35.024689388918134,1.0855970577652314,0.13732166561977882
64.76483597714875,-0.332299906444608,0.04255493968319861
46.790167336617365,-2.081168572725397,0.7027228461514909
49.25804435521351,-1.2853751143893075,0.20317663544645967
60.122292382499054,-18.81849045497639,0.46368862189199295
110.02345238831795,-5.487249077409615,0.12020468764069948
55.736146192760756,0.9284490114111471,0.22828599728377968
52.49678312319584,1.5985639199740036,0.08954028761679939
57.38676896012224,-10.276751409259582,0.6489173234820785
54.33752965861727,12.657078408647006,0.18626639539481818
86.82950209866341,-8.661748482145008,0.06984079086096595
40.43390023623026,9.694572005267368,0.5452485679678547
42.035045674972736,4.271943618716849,0.20766620943513778
40.65289210362853,-6.462273098438031,0.5846635252330284
41.66784321259618,17.75310892609512,0.3427464554989851
40.439193090402235,-11.936368317564801,0.28745988068587547
67.83524796661328,9.191541736100016,0.42033422198834225
71.30756371984782,10.005823180429783,0.15739539363225663
41.438805593757856,-6.706202090766449,0.1947627208764054
37.51466640343657,13.924653000643287,0.3006972383626088
57.07123334579606,-2.5004651459895277,0.41727790375865326
41.716654335785435,2.8869362927985702,0.27909865689419444
59.493977266332664,2.6032183877122073,0.044377672256745285
53.0438453127695,-1.343087414705478,0.3086928661865369
27.263838275041522,8.108082731597822,0.21988137682584608
73.21257801995093,7.93488720552213,0.2779642391875149
76.93816509643283,-17.485319732381807,0.24802811702810665
40.80816964273421,13.043402428781526,0.2439313657508924
44.18447660096024,-16.624919880356742,0.28669068665997793
54.287980860873574,10.325462043416573,0.45677590314148764
55.01685184980538,11.267051368275833,0.11575628162141428
59.878164090092454,-10.909664302151983,0.21332273652689307
80.15306808149525,-4.108142879545848,0.10900919371050445
47.34579158758926,-11.057046684859358,0.20700143984835262
38.02554133192319,-2.1492103028873535,0.27856890114410343
29.31021157978209,7.847203484032576,0.1169248202694525
39.036049400871214,7.796605322693399,0.31549142985616624
49.503095406893046,13.103087461196083,0.3162212044643837
76.91836795276681,13.95683810789956,0.13422725697303833
42.235830514457426,-5.621680265783021,0.22304193248192541
53.35681927458348,-2.0922187374452776,0.043855712182668656
49.753656558908716,-16.834381922209502,0.1366266134402893
67.82589910172126,-8.058700664961888,0.1935168773138802
87.90398638810433,9.648516330974577,0.1753686069103065
42.03696840619519,16.155828235482318,0.05910023636451087
42.658408362226666,-12.34348871879922,0.10248072450369504
65.66241315603608,-5.924642591528943,0.22215603808345902
60.22837234439467,-0.2640575695892703,0.5000285008772033
77.7006098860405,2.801611588196068,0.4009126906691318
58.75892277988946,-8.09603519921646,0.2714066205793128
44.610618638194104,4.240610444640897,0.36171810344678385
58.85982246038464,-4.738393470709161,0.525270632394125
66.63055370874362,-0.14452270878279103,0.09372930398294126
62.30723271796046,5.462842480036995,0.5416592873103925
57.609110466609465,0.06422269810937817,0.37596276335834095
66.00012034383731,-4.363858905265686,0.4574049041565562
67.5394338566851,-1.0960980392583084,0.10113053816123027
70.7323848655629,-0.8836295920533532,0.1982753755768706
59.73064831384464,-3.700110298821277,0.4417852325659172
47.493228795247184,-2.587960626671024,0.2546060207547748
52.20070529649984,15.986471705047169,0.23121024686283925
68.09763449762535,5.609194479412388,0.5268198911496275
37.74596493519146,-2.9548031802916035,0.23330830747946868
55.53009963309352,6.969544045107357,0.31115695134245586
44.09991781508959,-3.3381948975600997,0.524666091044456
50.431172344022265,11.731246375866412,0.559748196328072
69.17677793910948,3.696421921980939,0.13000533513897383
52.86648602029855,-1.0730214400422888,0.2266906582078569
50.69654822234223,4.477169258102776,0.39422686523611117
29.60215788530121,-25.588591444524027,0.5965756479476296
61.193803490408314,-11.267674689098053,0.1326139166973097
59.68226271711613,-11.939250063990555,0.40259383540597493
82.4488208495819,1.4294309476370675,0.23855608755377553
45.38332647570499,17.325149994850918,0.5207941326840836
53.287254914959085,22.313001461926323,0.14495928591700527
53.74075525566133,-88.34383842743169,0.5300851166238831
73.66179919645211,5.008444749444569,0.3911389771858987
48.57056701419572,-18.01057734152739,0.21296874618134354
54.185322886555085,-5.426737997340218,0.06885748190542336
59.11844764574809,-7.877837519082389,0.3495093655024614
52.79913684734537,-6.20847598251116,0.2538970213381382
43.30349578174208,-1.6814381858478962,0.049966501551172604
52.911349893474615,-4.720905776971273,0.5390471040258038
66.10447624789659,-19.792998103757878,0.2180087472010178
34.602270508834096,7.479102561175338,0.5118208698936791
51.99454511220314,-10.727430257398066,0.8462697426400301
39.4981877759124,2.3924686411114955,0.5445112071782316
67.92569943387264,20.740826697499735,0.021424560859513445
27.15219642824338,-9.193845915864234,0.30393615862501594
41.61617229092617,-25.302875227463296,0.6520465348706161
55.658178125967815,-2.8600422188011083,0.8396261483647154
73.4828604385151,11.00959634998571,0.2987765014304245
49.01374608390518,19.583474542205938,0.09442851918802522
41.67200709960203,-12.295495944524168,0.6359035595895273
78.21735604160885,4.966992232365217,0.21821606088093304
28.27979149375634,-4.653104567800534,0.8236923410188964
17.017910650698774,-1.0594835430413565,0.2607079261211888
56.60021675079999,26.443433470170348,0.4224273898295277
42.46918663471083,-15.029703283951532,0.17082926524558278
34.681507743039305,2.5373966149457345,0.2565863199801682
60.6253467094903,4.676931717654332,0.2651574433650202
53.65701070656798,10.857863249393471,0.06069065270309632
41.538820538949075,0.9798315347089543,0.03981419539660806
30.795434019936582,3.0805053950410235,0.3354249355384948
63.08685992420217,-3.916485674217911,0.04610898882254193
59.753017669379915,2.6912694124510734,0.22876947246039814
48.51236204330926,-3.4319227549741047,0.12774179627077423
77.69955494071499,6.2157188985605085,0.2880155464028137
33.94872850510771,-3.69610336043634,0.41482868396751027
27.117122436128916,3.7710039390218646,0.412519320532224
39.62137895178133,-0.29262813684978356,0.32382135747885105
49.31620975466753,11.260502507721682,0.31353705931765424
53.65009173984038,-0.5139372358848624,0.4400307639755862
46.38145913215505,-17.730324682068815,0.3212658186958191
55.28083094771445,12.619215007139918,0.18063380661030148
31.22690863714334,-9.05732300862619,0.04570184569445863
71.65646906109889,-6.537663386488198,0.48569234685371127
48.76773232411147,-5.956612940434921,0.6518362739185918
66.75943747382192,13.744380931708173,0.19314955151795596
55.14088019566556,-21.356742139786956,0.20605113739292036
56.85129828730676,31.37748533659994,0.04119536324293344
58.546509203483055,10.560568090660517,0.2056788360416841
56.715628400259725,2.2323891412915966,0.25109787232048447
59.64084139801316,-0.5489400061628639,0.13708514515114265
69.93728795198646,2.855540748576569,0.1302740052424783
52.94781754552205,85.16604805684355,0.27226555093312327
60.63505636382769,6.45215585950057,0.24611140006925436
48.6539645856916,5.556044660034485,0.1412021092298885
71.6017582317421,0.8958068125524882,0.4861145992171175
39.85411546911095,-1.973384203073261,0.014780399990921697
77.01410649366224,-1.512732836535117,0.4539745004458399
49.39763074033485,-1.9490828035268102,0.14232334105250088
28.538373468229278,11.337700968670646,0.24148516808347148
51.92156622366184,5.9355672228086185,0.33406224991965594
39.78422513787679,-29.403886346642803,0.2810880917112684
62.60965323483086,6.5590077652976095,0.8842237808868163
40.210640310464136,1.9473619471877486,0.18514483032691872
43.307248501778304,-0.18708756445897418,0.24593288911295919
21.656889035817034,-3.8851845308888584,0.4382524363063503
43.21540521126385,11.241127199860134,0.3490695177338801
13.64181010056565,9.475264621228579,0.11797091530700014
26.24145764771415,-7.728776678236091,0.5547513375151625
61.40621984216446,4.070522871245351,0.07677377226121533
104.75282684162822,-9.71656734541286,0.4839746396768906
56.38186342677447,-13.796181647889306,0.36769343785541203
35.495357853061805,-6.267172245899651,0.08133912099374865
49.2843296578703,8.623934723827588,0.45553429315943345
49.945961913641476,9.531250453760867,0.3740042746314323
32.624529662111854,5.13085420097293,0.34039059318099796
72.55097452650726,7.250957868479971,0.1467751624799286
63.16043435863507,5.161782871149584,0.26731000106425495
46.68553739255504,-6.414815952229523,0.16045474274024674
50.40328758491796,4.319225446739407,0.30505491860505535
53.125742119213285,8.004095252276823,0.10389755243693713
19.373976973635642,7.542913298135742,0.5856177790771253
46.29233926219105,11.889133714746428,0.28277292831949336
39.77023628003302,7.083038472010638,0.9395980942995585
34.975699851576266,3.5144820754158292,0.3559589768372399
45.78349560671067,10.701502383164275,0.5734595733853664
76.96529790274283,-0.26521259249060064,0.1639735907199302
59.61264291900515,-8.818746512277178,0.41380820189462775
41.432315153258045,-1.6306696394376388,0.2933154218576188
58.58874172034238,-7.44902644806449,0.24207956740808184
